"","Species","MBl","BEl","VEp","REs","OGp","RMl","BLs","PFv","PFs","CPt","troph_level","Dim.1","Dim.2"
"1","Abramis brama",82,2.546312456,0.546875558,0.341575092,0.512381063,0.26297763,0.398473812,0.36893787,0.194460833,3.01447933,3.05,-2.31611725873829,-0.111321530337453
"2","Acestrorhynchus lacustris",27,4.289617918,0.616108251,0.44198177,0.560704125,1.171920638,0.548239631,0.193728844,0.168093255,4.340981595,4.3,0.463790592243584,-0.21537066909865
"3","Acestrorhynchus pantaneiro",35.2,4.178191439,0.556195819,0.454465121,0.506526585,1.225987511,0.517677121,0.202195925,0.182729549,3.95635534,4.3,0.0640099930772932,-0.510975671573545
"4","Acipenser fulvescens",274,6.717066703,0.429329131,0.288916469,0,0.260746925,0.510963353,0,0.157251327,4.662817348,3.27999997138977,0.280838932186182,-4.45278662198071
"5","Acipenser transmontanus",610,5.827969707,0.262068614,0.193794643,0,0.203776786,0.407594356,0,0.16240453,4.486984957,3.25,-1.24002553535821,-5.82006236071606
"6","Acrocheilus alutaceus",30,4.271517544,0.413552632,0.414948996,0.313236842,0.281873439,0.583035088,0.219298246,0.14021271,3.539973055,2.13,-0.768732156340216,-0.888312187883908
"7","Ageneiosus inermis",64.8,4.843402617,0.441368551,0.239799389,0.554374794,0.882506301,0.546075194,0.384341556,0.191017425,2.928035757,3.98,0.444340944465609,-1.09602009246292
"8","Agosia chrysogaster",10,4.076567136,0.484752806,0.390921303,0.318027165,0.429127196,0.520074036,0.300734007,0.188719517,1.943681715,2.9,-0.311537632577067,0.31554097229656
"9","Alburnoides bipunctatus",18.5,3.512796769,0.525739563,0.623262053,0.488984023,0.580383492,0.451359456,0.268386674,0.204675647,3.342143807,2.89,-1.24678332004303,1.00241003054956
"10","Alburnus alburnus",25,4.253526855,0.559971056,0.540985824,0.559971056,0.441100168,0.429576461,0.2766026,0.152191702,1.942321838,2.70000004768372,-0.108107860960052,0.374469872010424
"11","Alestes baremoze",43,4.076522054,0.552255315,0.571636146,0.612738565,0.248317272,0.424307539,0.319751575,0.185787999,4.097104898,3.05,-0.699416017933136,0.381812758049227
"12","Alosa alosa",83,3.910500536,0.531244891,0.386758926,0.425779382,0.779108774,0.546883987,0.144566277,0.158360041,3.053753725,2.95,-0.587369060070568,-1.13611009264979
"13","Alosa chrysochloris",50,3.794577156,0.652789513,0.39763413,0.642865555,0.737591048,0.561015951,0.18814041,0.146598491,2.570926861,3.89,0.450819637625824,-0.153472786934794
"14","Alosa fallax",60,3.626264914,0.584315807,0.36249818,0.546593042,0.866203692,0.471669221,0.192536818,0.1380103,3.533629851,4.03,-0.365131472062551,-1.14379413080423
"15","Alosa pseudoharengus",40,3.746848258,0.608067173,0.371959829,0.645928247,0.679863283,0.608870676,0.199791089,0.127512792,2.666674614,3.39,0.287778739422755,-0.11751809610378
"16","Alosa sapidissima",76,3.531895272,0.552868003,0.351030888,0.507560017,0.813165729,0.492453578,0.181367895,0.163029455,3.793900818,3.48,-0.944834373834695,-1.08619292389944
"17","Ambassis agassizii",8,2.758243586,0.510690673,0.496479313,0.604274606,0.555532408,0.598802445,0.307522142,0.230217237,2.792177326,3.3,-1.43442579332113,2.10693029864452
"18","Ambassis marianus",10,2.724461056,0.430526243,0.527202703,0.499904068,0.368851351,0.567915826,0.338685045,0.117670423,2.660641509,3.4,-1.19240484107739,0.651826321107358
"19","Ambloplites rupestris",43,2.514466546,0.524442688,0.385614211,0.417820293,0.497698274,0.607382193,0.342235628,0.196628382,2.313312287,3.43,-1.43912235425493,0.551248141550243
"20","Ameiurus brunneus",29,4.230844064,0.530260362,0.346760551,0.306917386,0.458255224,0.559919101,0.32942065,0.165453434,1.978334006,3.4,0.408489714899069,-0.426013681116008
"21","Ameiurus catus",95,4.408698732,0.510909129,0.26321762,0.443448422,0.390736319,0.603220805,0.273872555,0.1777031,2.376083333,3.18,0.218761489454512,-1.06488592854662
"22","Ameiurus melas",66,4.10148913,0.48507337,0.210539107,0.404241848,0.326590325,0.570236413,0.389497283,0.157155275,2.213600411,3.81,0.337586657760565,-1.22721247949597
"23","Ameiurus natalis",60,5.294514852,0.685748816,0.21082667,0.576156738,0.45424942,0.687800064,0.300934704,0.161264652,1.885352967,3.33,2.05240574384247,-0.119871027344485
"24","Ameiurus nebulosus",55,3.969638561,0.463754674,0.268012891,0.345555201,0.503887887,0.490174198,0.347816005,0.153249389,1.839310528,3.68,-0.112592257130198,-1.4036937845913
"25","Amia calva",109,4.835800737,0.566364057,0.239979202,0.426656985,0.98276816,0.564385118,0.203431917,0.125053001,1.36475708,3.81,1.21638884002941,-1.95915678813312
"26","Ammocrypta clara",7.1,7.183510638,0.425466729,0.590915319,0.157762307,0.659975336,0.570869837,0.425466729,0.14737824,1.933787808,3.3,2.27042258053433,0.0111227888563305
"27","Ammocrypta vivax",7.3,7.64957883,0.689463135,0.482758621,0.457832242,0.578293103,0.735779165,0.511632922,0.109765987,1.637427198,3.3,4.32893044726989,1.50769025014381
"28","Amniataba percoides",18,2.598045877,0.43855936,0.518725926,0.276024412,0.388874074,0.405856357,0.312160659,0.195897189,2.608495982,2.79,-2.5904691389929,0.340287862232627
"29","Anguilla anguilla",133,16.2191429,0.821233167,0.249665422,0.720516313,0.394942594,0.634091873,0.604546774,0.04466753,0,3.55,7.72770769705067,-0.968697860615463
"30","Anguilla australis",130,11.91949332,0.573910584,0.311512112,0.500616174,0.374647383,0.451180832,0.573910584,0.037081167,0,4.28,5.48348968017467,-2.61589198811693
"31","Anguilla reinhardtii",200,8.025158672,0.487382522,0.292541908,0.386335896,0.593610915,0.366791773,0.52447211,0.065195694,0,3.55,2.96423741038848,-2.93027348083482
"32","Anguilla rostrata",152,16.53261822,0.32608484,0.31401802,0.152306862,1.064214618,0.393905601,0.577587199,0.037438892,0,3.83,5.32636416175824,-4.54870109571722
"33","Aphredoderus sayanus",14,3.188930891,0.581351168,0.321428571,0.572288456,0.287946429,0.542793448,0.409644276,0.179561218,2.404761905,3.14,-0.55459982822535,1.16433272491821
"34","Aplodinotus grunniens",95,2.771378151,0.437381228,0.381944444,0.221978663,0.545482639,0.42003019,0.410993707,0.223393187,2.734042553,3.36,-2.23457283395888,-0.731977066591323
"35","Astronotus crassipinnis",24,1.870159451,0.469524186,0.293550852,0.379556226,0.444583617,0.453896945,0.388464319,0.274854635,1.874929584,3,-3.60191303137025,1.17102596855429
"36","Astyanax lacustris",7.7,2.630430971,0.558447672,0.414012739,0.525980351,0.438751592,0.50973695,0.178570269,0.209845244,3.390804598,2.9,-2.14971450713193,1.28445932918705
"37","Astyanax mexicanus",12,2.803642439,0.493886355,0.440611385,0.516996332,0.262159846,0.480657768,0.141085866,0.148993573,2.981330328,3.23,-1.79964414772935,0.0573945759154703
"38","Atractosteus spatula",305,6.670873634,0.61647139,0.35483871,0.61647139,2.51383871,0.406280307,0.359964352,0.094015532,2.15,4.02,2.30760622960784,-2.34190162415313
"39","Auchenipterus osteomystax",39,4.511872786,0.274447167,0.510871577,0.338350825,0.443647502,0.375280785,0.230597834,0.123774153,2.635863467,3.6,-0.839645480182643,-2.28003585799599
"40","Auchenoglanis occidentalis",70,4.28281183,0.546839013,0.210480017,0,0.319455386,0.666999448,0.316571649,0.206441059,3.243004719,2.9,0.0656401807972731,-1.15134673388228
"41","Ballerus ballerus",40,3.038215688,0.453846291,0.42853271,0.440269744,0.380661991,0.351679644,0.303461752,0.173014329,2.800809928,3.21,-2.00873729380496,-0.641373590748533
"42","Barbatula barbatula",21,6.724161164,0.489219782,0.30066,0,0.511750396903118,0.673763644,0,0.144789579,1.754811321,3.28,1.82435159357659,-2.27567615784303
"43","Barbatula toni",16,5.46,0.446466667,0.261306202,0,0.382198539845116,0.573333333,0,0.138528694,1.860930187,2.6,0.330149697217815,-2.31496392731983
"44","Barbus barbus",120,4.068372397,0.371264757,0.23787234,0,0.298638298,0.388291764,0.239724726,0.155661105,2.304620804,3.1,-1.28170404003777,-3.2930338065963
"45","Barbus meridionalis",27,4.429396308,0.627147112,0.369288025,0.389645339,0.424999824,0.529538889,0.303137527,0.195501026,2.20932337,2.93,0.392471391862715,0.353341784376182
"46","Blicca bjoerkna",45.5,2.485815404,0.459238245,0.503950374,0.36573788,0.331276177,0.354092467,0.308156845,0.17880226,2.999490653,3.17,-2.72900260991791,-0.347178370711599
"47","Brycinus imberi",20,2.840258306,0.566828108,0.434038488,0.654249056,0.341940767,0.444691259,0.205236517,0.208475612,3.620893334,3.26,-1.95144441632403,0.787011857032962
"48","Bryconalestes longipinnis",16.4,2.935097033,0.440535356,0.523954547,0.463466429,0.40933949,0.544938657,0.172482712,0.197971734,3.557371748,2.22,-2.33855738115828,0.70728158565985
"49","Brycinus macrolepidotus",53,3.23275153,0.526181128,0.376188172,0.625983886,0.503887097,0.346104464,0.28203234,0.19310107,3.096534887,2.75,-1.97152956546113,-0.197290425359768
"50","Brycinus nurse",25,3.659040535,0.472812653,0.590817334,0.542894173,0.352259051,0.58993576,0.121484654,0.184485626,3.174289642,2.46,-1.12883728537485,0.540796529516957
"51","Brycon orbignyanus",80,2.948655648,0.443177065,0.334315442,0.429664205,0.562938291,0.391881936,0.183062089,0.181159402,2.897504925,2.7,-2.55040121047381,-1.31991604129752
"52","Campostoma anomalum",22,4.069878145,0.540899385,0.2304875,0.204529035,0.4791,0.642188579,0.22954228,0.153619026,2.45290566,2,-0.236693632329532,-0.501459920816622
"53","Campostoma oligolepis",22,3.998786899,0.433969409,0.2075996,0.110064891,0.463607179,0.609792104,0.188743188,0.129409461,2.269095928,2,-0.707899012883394,-1.49383546119924
"54","Campostoma pauciradii",16,4.780208413,0.579396104,0.423519231,0.433485414,0.5,0.566220586,0.317595305,0.18022779,2.238595119,3.22693066405651,0.876450297549903,0.528209733841066
"55","Campylomormyrus tamandua",43,3.634073481,0.433144112,0.298611111,0,0.14462963,0.459578379,0.341194393,0.167,4.213361133,3.2,-1.37990475349736,-1.87184327772779
"56","Carassius auratus",59,2.63423759,0.438711954,0.32616582,0.401780205,0.35966378,0.409389939,0.210317985,0.180506568,2.282849533,2,-3.01565423439099,-0.760921292444329
"57","Carassius carassius",64,2.139643611,0.524307878,0.292355157,0.475862214,0.27207058,0.384168607,0.270874978,0.182361334,1.701818629,3.11,-2.85561836006769,-0.410398475160097
"58","Carassius gibelio",46.6,2.231072982,0.498755109,0.374346839,0.442976697,0.365432552,0.401313767,0.241731916,0.187138726,1.893603243,2.47,-3.07408580106155,-0.0260091651869959
"59","Carpiodes carpio",64,3.337676726,0.383156927,0.324786325,0.144056636,0.384136752,0.407628577,0.157679095,0.167496868,2.607196429,2,-2.49757910676568,-1.9931231124879
"60","Carpiodes cyprinus",66,2.958886063,0.438339662,0.345323741,0.152401953,0.235985612,0.489619365,0.092788153,0.191733432,2.748488331,2.59,-2.42961241189081,-1.56430455140835
"61","Carpiodes velifer",50,2.456127009,0.417264842,0.38966268,0.315598876,0.435958546,0.397542365,0.110083506,0.179895343,1.652119685,2.4,-3.1935217193118,-1.0336867939862
"62","Catostomus catostomus",64,4.983526632,0.484823034,0.342857143,0.147981516,0.460105268413587,0.487893277,0.218586643,0.113768197,2.322806452,2.54,0.177288279929519,-2.16892234250714
"63","Catostomus clarkii",33,4.857338165,0.580539747,0.2170625,0.135292548,0.392163639925265,0.711364041,0.203138894,0.221114175,2.435085741,2.8,0.689059669840715,-0.470588307557621
"64","Catostomus columbianus",30,4.966189472,0.610078423,0.246621622,0.115932379,0.484334123853065,0.610439093,0.231198905,0.125652695,2.682204545,2.77,1.00436421639558,-1.28213022194616
"65","Catostomus commersonii",65,4.477789325,0.500010462,0.308510638,0.075563026,0.393865778781534,0.65561422,0.171247829,0.186912394,2.546542274,2.82,0.0450924782686356,-1.42570513158213
"66","Catostomus discobolus",41,5.519738893,0.595693687,0.164483871,0.20555339,0.496998500226242,0.604053001,0.160853468,0.149770716,2.773463501,2.8,1.01559912635636,-1.70307834241539
"67","Catostomus insignis",80,4.745057498,0.609203977,0.218701095,0.108996153,0.462528374225439,0.762749257,0.155399717,0.213375739,3.223650986,3.2,0.817752341485507,-1.10178474022271
"68","Catostomus latipinnis",56,4.848243379,0.463524695,0.190292308,0,0.422278441185886,0.641823173,0.135266702,0.148675868,2.673334067,2.8,0.196335467937031,-2.49074035415004
"69","Catostomus macrocheilus",61,4.779569155,0.561867301,0.359526324,0.288381205,0.445707207088022,0.678482132,0.176263874,0.187696072,3.860465116,3.13,0.471794601897623,-0.829470447704195
"70","Catostomus occidentalis",60,5.074753486,0.715159097,0.195909484,0.492964197,0.178267824,0.586117122,0.291046795,0.170470624,3.115457206,2.8,1.12523959281318,-0.323480424383354
"71","Catostomus platyrhynchus",25,5.152597764,0.535153703,0.345291662,0.187520873,0.342812933676152,0.588468695,0.195456497,0.184204963,2.898040816,2.30999994277954,0.258501662927186,-0.635773333059192
"72","Centrarchus macropterus",29.2,2.13294544,0.441353568,0.44,0.476740565,0.40224,0.47188954,0.290532952,0.23830257,2.015373078,3.18,-3.04899088247863,0.827900580067428
"73","Chelon auratus",59,4.137897164,0.661537221,0.477387413,0.646485784,0.278860802,0.398701742,0.719973048,0.197242778,3.557240412,2.84,0.175469094069871,1.63549861165889
"74","Chelon labrosus",75,3.918653099,0.534372112,0.421724147,0.495619266,0.21572883,0.392515837,0.617923579,0.168065876,3.044644887,2.59,-0.543592624704624,0.244631447631705
"75","Chelon ramada",70,4.34066076,0.52997701,0.333333333,0.623279002,0.360490196,0.439128975,0.573287182,0.140881139,2.681247434,2.34,-0.0459370988579976,0.0161523051125968
"76","Chondrostoma nasus",50,3.959408526,0.468442813,0.363636364,0.321312998,0.313872727,0.418782789,0.276320498,0.15578047,2.31372549,2,-1.23055091133274,-1.00904400476194
"77","Chromidotilapia guntheri",18,2.576607459,0.586817568,0.243761879,0.318496329,0.301056793,0.693665092,0.383353725,0.225185543,2.109649708,2.6,-1.25640084023077,1.47686691371685
"78","Chrosomus erythrogaster",9.1,3.971773479,0.5051697,0.493843471,0.451721269,0.484669305,0.448229468,0.228614335,0.164036255,2.313126362,2.5,-0.747177334209476,0.491426396747603
"79","Chrysichthys maurus",51,4.644851339,0.578214897,0.364823048,0.177050763,0.389192741806943,0.649367477,0.133498106,0.201903646,2.163791952,2.69,0.361067761658104,-0.629345569481113
"80","Chrysichthys nigrodigitatus",65,4.603114092,0.560279837,0.470932203,0.153887009,0.532216102,0.696348009,0.142379563,0.21467508,2.296621503,3.17,0.584891022096653,-0.454513901903963
"81","Cichla kelberi",58.5,3.223332192,0.554794521,0.231638418,0.404109589,0.776011299,0.606164384,0.397260274,0.205189474,2.287037037,4.4,-0.100220928626146,-0.273240433838957
"82","Cichla piquiti",48,3.249524565,0.624557021,0.190751445,0.452628403,0.64765896,0.607013284,0.431575919,0.222781904,2.03960396,4.2,0.1037429759996,0.374543945711444
"83","Cichlasoma paranaense",9.5,2.096397976,0.563144467,0.265152185,0.39472205,0.208335059,0.630029804,0.331504815,0.319424298,1.76896778,3.3,-2.40688500536953,2.43194143676111
"84","Citharinus eburneensis",18,1.960432519,0.439466415,0.38433779,0.412345643,0.161995453,0.308606724,0.219796987,0.190366198,3.596363339,2.4,-4.42015812165956,-0.0382645352572617
"85","Clarias anguillaris",100,5.462152839,0.505837062,0.310163008,0.33813714,0.627843219107475,0.362685299,0.413231508,0.14135765,2.029617647,3.35,0.682424206011103,-1.94440299985491
"86","Clarias gariepinus",170,6.829192195,0.385256943,0.247510776,0.288181929,0.515375,0.476944102,0.254536001,0.120818078,1.386320396,3.76,1.51592954476282,-3.53502534489415
"87","Clinostomus funduloides",12,3.684902259,0.550593468,0.486884548,0.52750556,0.721684621,0.538532132,0.168629287,0.206180917,2.659113636,2.74,-0.822420763626425,1.02350804192883
"88","Cobitis bilineata",10,6.348097982,0.519076769,0.171414826,0,0.543126648034348,0.627406408,0.141795339,0.1147085,2.64755614787503,3.3,1.74901240629437,-2.1477634177071
"89","Cobitis elongatoides",14.6,7.431527396,0.555087153,0.2689542,0,0.559539694426873,0.761652615,0.113628616,0.15232585,2.035157895,3.3,2.7924439885948,-1.45580102713245
"90","Cobitis taenia",14,6.750121118,0.618919452,0.286353167,0,0.599177642296286,0.802443882,0.161490015,0.114149461,1.9990005,3.3,3.10616980761455,-1.13365410026398
"91","Coptodon dageti",40,2.124324422,0.60512985,0.289971434,0.423569712,0.295694756,0.593237265,0.305739307,0.365538462,2,2.4,-3.08890875508378,2.40212967715604
"92","Coptodon zillii",40,2.518750505,0.604780074,0.2834498,0.360711056,0.267753688,0.615447388,0.348904229,0.280314529,2.642307933,2.51,-2.02535069230204,1.47609887282309
"93","Coregonus albula",48,4.479430556,0.552868056,0.59387889,0.552868056,0.649809399,0.4445,0.267979167,0.150450051,2.909159074,3.05999994277954,0.0402938471018515,-0.0992578165251776
"94","Coregonus lavaretus",73,4.227334121,0.535312147,0.433651344,0.480285458,0.481805498,0.34440707,0.288432317,0.126790896,3.023632403,3.13,-0.496679993893636,-1.34521405621071
"95","Cottus amblystomopsis",21,5.241902423,0.592879257,0.378948617,0.324180634,0.59191974,0.629956229,0.826080922,0.282100735,2.666666667,3.3,1.63336703092131,2.38542830027505
"96","Cottus bairdii",15,4.560691045,0.75187192,0.385627806,0.435251994,0.577723645,0.748890462,0.75187192,0.298745377,2.676038174,3.29,1.94333372213149,3.74778162921513
"97","Cottus caeruleomentum",6.3,5.273302689,0.752451413,0.473960608,0.359083976,0.655333561,0.879260789,0.465441566,0.262260824,2.1806460571991,3.2,2.76995602506628,3.49115173873157
"98","Cottus carolinae",18,4.620302101,0.663106033,0.538563346,0.358147097,0.757011768,0.692045246,0.59219103,0.286074536,2.316485951,3.3,1.43133001392211,2.9426669248858
"99","Cottus cognatus",12.1,5.115932487,0.647497918,0.481879769,0.345713302,0.630734044,0.703465025,0.614783583,0.295193866,1.885733263,3.37,1.86527558953114,2.99576393391902
"100","Cottus girardi",14,5.045457792,0.675350649,0.472381579,0.42861039,0.767232456,0.74025974,0.597428571,0.281547438,3.15060508,3.3,1.7885836534084,3.00167677900596
"101","Cottus gobio",18,5.987026227,0.702836958,0.402236592,0.5019123,0.490233659,0.779231573,0.497334468,0.229832325,2.699277598,3.23,2.73551316694484,2.18280515455077
"102","Cottus perplexus",10,5.227937709,0.678363813,0.525468182,0.377151483,0.516904545,0.696195922,0.605658807,0.270738552,2.212364396,3.2,2.02522082494399,3.14155205582799
"103","Cottus poecilopus",15,4.91996377,0.680627033,0.329981551,0.433467825,0.868717169,0.730855531,0.467701429,0.25230542,2.602694192,2.98,1.54585295035904,2.1281284575179
"104","Cottus rhotheus",16,4.373716866,0.520844539,0.36307513,0.202081802,0.57762516,0.611105219,0.587166006,0.301703517,3.3335,3.37,0.121083999944899,1.55953522490573
"105","Craterocephalus marjoriae",8.5,3.803013435,0.454902979,0.610774049,0.323849984,0.499762864,0.610609859,0.647504627,0.157448505,1.712873238,2.93,0.493665343141723,1.93659924596606
"106","Craterocephalus stercusmuscarum",7,5.209170398,0.374733386,0.616854227,0.43639795,0.384244962,0.640040648,0.549330534,0.121343863,3.416409317,3.2,1.20819724069358,0.928917059684996
"107","Crenicichla britskii",14.5,3.57339549,0.557877507,0.477462538,0.511778465,0.530409841,0.53261022,0.431994383,0.196652595,1.593277108,3.14,-0.101809647471164,1.52971217034591
"108","Crenicichla haroldoi",10,4.044994444,0.666666667,0.281690141,0.488888889,0.410147887,0.788888889,0.438888889,0.197341296,1.149958829,3.2,1.63130363178785,2.11682153109909
"109","Crystallaria asprella",16,7.364824306,0.594280525,0.56639759,0.280001847,0.587650602,0.638746518,0.594280525,0.210502612,2.529490196,3.5,3.05257944846805,1.38592061981917
"110","Ctenopharyngodon idella",150,3.96310134,0.398785288,0.255772415,0.351890272,0.447552663,0.48132923,0.226864539,0.178111854,2.281579999,2,-1.54570395818585,-1.88144453282629
"111","Ctenopoma kingsleyae",24,2.498978571,0.445592857,0.384124309,0.445592857,0.4718311,0.440835714,0.334864286,0.217568892,1.975775424,3.2,-2.42001972119316,0.441023292570562
"112","Culaea inconstans",9,3.998048303,0.436867916,0.588235294,0.507994862,0.42889916,0.56303509,0.409092307,0.183675136,5.065428451,3.19,-0.625715743149318,1.12997385555898
"113","Cycleptus elongatus",93,4.248591938,0.314704258,0.274193548,0,0.210290323,0.402767402,0.158177153,0.148441836,1.934759881,3.1,-1.27157970199755,-3.52178008040142
"114","Cyphocharax modestus",16.2,2.861813512,0.480579203,0.474956366,0.402767802,0.208618231,0.430645322,0.205541199,0.181637614,2.721153846,2.94386803497017,-2.08098481400996,0.151728321771996
"115","Cyphocharax naegelii",19,2.913862901,0.530277683,0.462904441,0.51438423,0.196057676,0.466738579,0.212484661,0.183187597,1.76766234,3.02728877531682,-1.49695804313883,0.579793408253177
"116","Cyprinella analostana",11,4.040034178,0.491922529,0.492905413,0.416872686,0.534253733,0.490583879,0.187878097,0.162729052,2.811663331,3.2,-0.462931067458393,-0.00278578481517117
"117","Cyprinella galactura",15,4.145951222,0.465020717,0.405388971,0.389543416,0.500608083,0.505136484,0.17918649,0.166260006,2.417013423,3.2,-0.426310866369221,-0.51107248425311
"118","Cyprinella lepida",8,3.624058552,0.529035439,0.468262896,0.454329738,0.433195851,0.517784284,0.247876733,0.168338284,2.293701204,3.1,-0.482397165480728,0.763548015786689
"119","Cyprinella lutrensis",9,3.479371938,0.431196217,0.509870558,0.32721418,0.44082163,0.458913598,0.206441166,0.192250141,3.221512519,2.82,-1.65258500447064,0.210799136869424
"120","Cyprinella monacha",11,5.393854454,0.463721223,0.454054765,0.315386373,0.486822065,0.534625892,0.109385254,0.1229732,2.826502693,3.2,0.637159401388366,-1.12082073570232
"121","Cyprinella proserpina",8,4.116649318,0.458700446,0.413335238,0.313484236,0.390778534,0.592865334,0.186182319,0.173418738,2.199970002,3.1,-0.171362363700651,0.0474660974605134
"122","Cyprinella spiloptera",12,3.696972329,0.553650553,0.403492845,0.553650553,0.42249648,0.471444611,0.19916508,0.171389262,2.716643102,2.83,-0.815111879752118,0.427866322178862
"123","Cyprinella venusta",19,4.506285107,0.52538652,0.490818503,0.477607597,0.4390022,0.586050109,0.215064726,0.157524414,2.698508362,3.2,0.420710662124095,0.114745486755746
"124","Cyprinella whipplei",16,4.37251932,0.545951868,0.472292821,0.478992802,0.549636821,0.529429931,0.22427041,0.17938611,2.50534867,3.2,0.144436211810389,0.338624228595753
"125","Cyprinodon pecosensis",5,2.849703418,0.534131017,0.409638095,0.490224405,0.278152381,0.594863776,0.260975237,0.189877218,1.63859062,2.7,-1.16245792229402,1.7585137699431
"126","Cyprinodon rubrofluviatilis",6,3.197665794,0.54054073,0.441087541,0.459508249,0.175761255,0.587791601,0.308106747,0.226641342,1.873054769,2.6,-0.962231532101003,2.03539015492842
"127","Cyprinus carpio",120,3.481135273,0.510936185,0.182045455,0.307949315,0.346172727,0.48104781,0.258020926,0.178656382,2.637145238,3.06,-1.19216339653113,-1.76690454630105
"128","Dionda serena",7.7,3.910789894,0.521779119,0.58928703,0.334462646,0.268601046,0.499438131,0.321345677,0.16547368,1.666612748,2.9,-0.0881348065337112,1.05517655692998
"129","Distichodus rostratus",76,2.719421857,0.401146984,0.396926724,0.260389641,0.254564655,0.288549318,0.22788058,0.16465864,2.491256266,2.57999992370605,-3.12245552019851,-1.70436545869634
"130","Dorosoma cepedianum",57,2.779845316,0.478791768,0.378720949,0.444745653,0.329398187,0.274628915,0.287958974,0.180492429,3.314939167,2.4,-3.03308100972059,-0.766499565257934
"131","Dorosoma petenense",33,2.98532351,0.540722766,0.416666667,0.521677715,0.220087963,0.422007702,0.248845828,0.182166943,2.6905,2.76,-1.81232219720592,0.15989103945336
"132","Eigenmannia trilineata",25,7.332540566,0.519872332,0.238683014,0.467018471,0.394635407,0.429185523,0.321154546,0.060362055,0,3.05,2.55866565217058,-1.92234859890373
"133","Elassoma zonatum",5,3.631456277,0.459604647,0.439387628,0.411120251,0.471297646,0.59838967,0.299132516,0.184478307481403,2.496689569,3.7,-0.233524238086502,0.88717074127081
"134","Enneacanthus gloriosus",10,2.073957733,0.530614596,0.317870588,0.453109366,0.316552941,0.515448288,0.291082745,0.226279656,1.944444444,3.13,-2.62891170618344,1.3952464644968
"135","Enteromius chlorotaenia",9.7,3.886127454,0.440768173,0.586708641,0.294118159,0.372667014778689,0.526676299,0.189127559,0.150093897,2.017189062,3,-0.475873525139998,0.0804110195829657
"136","Enteromius foutensis",9,3.233995825,0.666731338,0.400968283,0.634501812,0.252563103,0.517752237,0.295319618,0.188060174,1.301662144,3,-0.278675907039041,1.86045164366251
"137","Enteromius macrops",16.9,3.354220611,0.559662192,0.516906551,0.400573637,0.360449313,0.486563359,0.355192606,0.153736891,1.576506507,3.04,-0.405203845708847,0.771012966274087
"138","Enteromius trispilos",10.5,3.23138093,0.456079065,0.496785493,0.351671241,0.299792819,0.50792497,0.16728685,0.180796954,1.885255015,3,-1.32215868150985,0.284643461899861
"139","Erimyzon oblongus",38,3.883303898,0.532682945,0.429971816,0.339650323,0.258755354,0.531608309,0.17446167,0.206479227,2.328967997,2.97,-0.643267244296974,-0.239973909945185
"140","Erimyzon sucetta",41,3.291226707,0.461644924,0.337661202,0.332320811,0.25607377,0.530414796,0.135406492,0.188905308,2.40081382,3.05,-1.47069046114655,-0.939896694484814
"141","Esox americanus",39.4,6.450195044,0.744244822,0.372370968,0.640558211,1.327096774,0.681281248,0.155782649,0.088356048,2.237455965,3.65,3.22235881275365,-0.458917321482094
"142","Esox lucius",150,6.005228693,0.621035943,0.264733496,0.459201629,1.280487591,0.625750807,0.165010858,0.106231483,2.459066917,4.07,2.28822335187982,-2.2886667626615
"143","Esox masquinongy",183,6.598839229,0.566998037,0.294387285,0.446873451,1.314136387,0.546651367,0.072206675,0.091179772,2.723833544,4.5,2.22006985259808,-3.36143491381883
"144","Esox niger",99,6.424508474,0.500395009,0.392100069,0.277699107,1.619921565,0.581528463,0.105877443,0.093528785,2.947443182,3.29,1.55225992164193,-2.73576730905101
"145","Etheostoma asprigene",7.1,4.424318551,0.59948383,0.514634511,0.484007041,0.428283432,0.580929901,0.416156702,0.214599498,1.789339988,3.3,0.912188376805652,2.07203483688833
"146","Etheostoma blennioides",17,5.840450977,0.594983726,0.397856401,0.166635401,0.33812632,0.690483337,0.508732519,0.284115291,2.141547981,3.36,1.86910446268053,1.49558829994394
"147","Etheostoma caeruleum",8,3.909328028,0.603726159,0.44752457,0.422691676,0.471627613,0.480023999,0.393179235,0.268192561,2.853544118,3.3,-0.393628946240549,1.87947594024262
"148","Etheostoma chlorobranchium",11,4.085016686,0.689274372,0.343838081,0.441680504,0.424514539,0.569112834,0.477123603,0.191250622781136,1.667593014,3.4,1.09772107978649,1.61084953909
"149","Etheostoma chlorosomum",6,6.82194977,0.655609935,0.422261101,0.311142097,0.368082979,0.666792585,0.427751637,0.18504087,1.898615937,3.2,2.9598809802421,1.39437342121531
"150","Etheostoma cragini",6,4.364342724,0.507232588,0.402444975,0.329034304,0.359969641,0.649999119,0.578607044,0.196705178675613,2.167778485,3.2,0.937078396879241,1.71620147117002
"151","Etheostoma exile",7.2,5.410309656,0.573609863,0.507950352,0.375217039,0.421133848,0.650242996,0.474544328,0.247037081,3.028297082,3.52,1.51053419072338,1.9991465454102
"152","Etheostoma flabellare",8.4,4.08668486,0.506646762,0.3877,0.374191108,0.375,0.540387187,0.43230975,0.249783058,2.329290943,3.24,-0.184245684221469,1.37061826503712
"153","Etheostoma fusiforme",6,5.785706768,0.580092048,0.474648214,0.404914315,0.46159734,0.618786539,0.414669269,0.198482643,1.562044534,3.2,1.96588034908319,1.57756675660237
"154","Etheostoma gracile",6,5.046387097,0.480502304,0.623748704,0.337108295,0.50476265,0.589020737,0.417152074,0.21884343,2.388135727,3.2,0.834752352783584,1.67965046568472
"155","Etheostoma histrio",8,5.208164031,0.591085253,0.500535619,0.226725473,0.400910552,0.665753296,0.445343218,0.221618427,1.599680064,3.3,1.75783754695204,1.69310405423993
"156","Etheostoma lepidum",7,5.142757448,0.60123025,0.411703746,0.426241428,0.484069411,0.568568456,0.473608552,0.195976653,1.510893822,3.3,1.58674595437353,1.53543167830245
"157","Etheostoma microperca",4.4,5.238445661,0.650001923,0.575125518,0.535252112,0.486206537,0.615389546,0.39750516,0.229096142,2.971153756,3.5,1.5894297586702,2.6052730338868
"158","Etheostoma nigrum",7.2,4.962818447,0.603186296,0.435857143,0.381173652,0.427396825,0.5100017,0.440641469,0.220234173,2.640049991,3.19,0.835470390658336,1.44721072654486
"159","Etheostoma olmstedi",11,4.680383884,0.486910139,0.49017205,0.160576934,0.579731386,0.595288117,0.340493948,0.283085152,2.364298336,2.92,-0.0257752198691694,1.19125083378059
"160","Etheostoma proeliare",5,4.959452794,0.605874762,0.553986748,0.411086912,0.328857013,0.561176664,0.409985563,0.245975708,2.755533436,3.2,0.891208454081568,2.29077261647836
"161","Etheostoma radiosum",8.5,4.789271279,0.601878238,0.470589348,0.358899516,0.534124928,0.610184939,0.450357842,0.238243751,1.917457863,3.3,1.16920870063935,1.91631891064814
"162","Etheostoma serrifer",7,5.179538462,0.601205128,0.578120911,0.455564103,0.381052081,0.489871795,0.380410256,0.190793328026031,2.096309867,3.3,1.18634168812397,1.4977661484224
"163","Etheostoma spectabile",7.2,3.886861888,0.575635278,0.461656883,0.389937542,0.468164414,0.558254842,0.385813585,0.260468055,2.496837683,3.29,-0.146135794417678,1.9713841008009
"164","Etheostoma vitreum",7,6.545912091,0.505743575,0.493916995,0.20229743,0.422608262,0.585912091,0.505743575,0.281354905,2.317464286,3.3,1.62529427800132,1.56018779577596
"165","Etheostoma vulneratum",8.1,4.359302439,0.65168402,0.353451399,0.501845334,0.319225113,0.573434521,0.483196461,0.205470504,1.782876769,3.3,1.09546257603084,1.87217809915523
"166","Etheostoma whipplei",9,5.946098535,0.623871202,0.489818263,0.429478271,0.562729152,0.672204334,0.500016947,0.216077452,1.709580911,3.3,2.44028261180782,2.06328927364818
"167","Etheostoma zonale",8,4.415641976,0.618890756,0.416980749,0.376484423,0.381423709,0.57774074,0.463404129,0.2659107,2.497841789,3.3,0.585268256056361,2.10434896558725
"168","Exoglossum maxillingua",16,4.092812974,0.599527324,0.375121795,0.350131081,0.313054487,0.555670331,0.321350208,0.146978154,1.969072165,3.04,0.498910724343048,0.252286958609397
"169","Fundulus catenatus",20,4.826870829,0.522369984,0.510178052,0.358459621,0.278501097,0.572009724,0.375528571,0.150958363,1.83740391,3.4,1.13840908575797,0.216104791706191
"170","Fundulus diaphanus",13,4.689666284,0.58715416,0.538680769,0.479214184,0.172003846,0.594206939,0.424298036,0.167607131,2.089562069,3.3,1.28096510715234,1.34652112315534
"171","Fundulus dispar",6,3.920713259,0.531593899,0.574502465,0.627629746,0.218929183,0.541826591,0.340017215,0.157034356,1.695433952,3.2,0.305986288938358,1.70174552668115
"172","Fundulus notatus",8,3.961130538,0.608912781,0.563897857,0.681734649,0.286430049,0.516458401,0.397410717,0.162060352,2.020754127,3.08,0.4626392523896,2.03186419201919
"173","Fundulus olivaceus",8,4.667884279,0.534391534,0.589536922,0.590762169,0.21182721,0.507367755,0.414500799,0.179677646,1.872983871,3.2,0.759345835876109,1.65444736173481
"174","Fundulus sciadicus",9,4.591018502,0.443961198,0.552125711,0.518600399,0.30116649,0.53580099,0.21754357,0.161341206,1.553720729,3.2,0.304360146414448,0.446022357641743
"175","Fundulus stellifer",18,4.109168109,0.459033621,0.517121712,0.321305351,0.266099667,0.538942561,0.311535764,0.169022721,1.696445976,3.4,0.0917615221705806,0.0533734193924068
"176","Fundulus zebrinus",8,4.273502076,0.659712906,0.445132448,0.558563407,0.18523352,0.578589273,0.412253291,0.135350486,1.718153404,3.2,1.32727161546083,1.5545394057796
"177","Gambusia affinis",7,3.940527865,0.573964998,0.552445804,0.675867694,0.332886908,0.46713006,0.512553076,0.168330473,1.941879016,3.07,0.31047069040541,2.18819893464001
"178","Gambusia holbrooki",8,3.538037438,0.474599696,0.583510123,0.573699656,0.284539713,0.484924869,0.432610341,0.18754181,2.135950413,3.1,-0.598585349094389,1.72704750616892
"179","Gasterosteus aculeatus",11,4.045420061,0.571305628,0.603812088,0.501718631,0.409239693,0.565954685,0.489701434,0.158644254,4.080636108,3.31,0.401738066463502,1.60692098364819
"180","Geophagus brasiliensis",28,2.285881462,0.602013547,0.29882545,0.282590439,0.195562497,0.639890812,0.368095761,0.295773511,1.936437543,2.57,-2.14665913600618,1.94341221553436
"181","Geophagus sveni",16.7,2.364716129,0.55483871,0.217573222,0.183870968,0.134150628,0.770967742,0.329032258,0.375050132,2.68438552888292,2.3,-2.49279729635628,2.51686138517202
"182","Gila atraria",56,3.880501807,0.515933978,0.287142857,0.347823198,0.294171429,0.465128641,0.268565277,0.17290411,1.697242424,2,-0.98440864565393,-0.749290874151961
"183","Gila robusta",43,4.046828101,0.530686304,0.409624867,0.442125988,0.662448024,0.424763302,0.282918167,0.172984279,3.969253932,2,-1.29052918173559,-0.339985515730662
"184","Gobio gobio",21,4.762858911,0.577226902,0.441565619,0.173043232,0.298397321,0.645405621,0.149628107,0.188987027,1.980330344,3.13,0.819790937091741,-0.167131251976109
"185","Gobio lozanoi",13.5,4.067150532,0.565760778,0.453194952,0.243813835,0.206579198,0.558186245,0.216085034,0.192817962,2.564901738,3.17,-0.0505181142666581,0.267072378358564
"186","Gobiomorphus australis",18,4.446102372,0.420458756,0.55719713,0.384272514,0.419186421,0.505361133,0.560039072,0.139461769,1.874086181,3.74,0.766880782651015,0.294598873541652
"187","Gymnocephalus cernua",25,3.896945319,0.587632944,0.425700896,0.374367372,0.442228354,0.622460459,0.339661384,0.171503604,3.580847016,3.25999999046326,0.186471703042767,0.435038816130265
"188","Gymnogobius opperiens",8.05,6.49294164,0.635519244,0.228700731,0.39698352,1.417460401,0.724374531,0.746191281,0.201717805,1.881326045,3.2,3.22005396305705,1.98795491308377
"189","Gymnogobius urotaenia",14,4.872482402,0.81747162,0.289202703,0.769855963,0.856905405,0.752736298,0.746032876,0.212459604,2.182992394,3.2,2.87456417592327,3.62257181244742
"190","Gymnotus inaequilabiatus",99.8,8.054239669,0.603305785,0.244444444,0.636363636,0.5502,0.371900826,0.429752066,0.048434016,0,3.5,3.34828678026191,-2.20515978249407
"191","Hemichromis bimaculatus",14,2.495709659,0.563070143,0.398148148,0.507024903,0.415018519,0.573461477,0.325927893,0.18615707671733,2.109138789,3.93,-1.09723599105436,1.1363258865317
"192","Hemichromis fasciatus",20.4,2.870678851,0.585921655,0.377140985,0.479745384,0.396625141,0.718888864,0.366170651,0.177462545,2.327003534,3.18,-0.329241028267391,1.39444606056912
"193","Hemiodus orthonops",31,4.412055551,0.49721811,0.507240757,0.434411101,0.2835563,0.533360278,0.195225909,0.161254557,3.774037538,2.6,-0.469453501048464,-0.331260186422425
"194","Hemisorubim platyrhynchos",52,5.652199802,0.51894878,0.33244313,0.440012423,0.357571943,0.518255018,0.1807589,0.12795263,2.42327767,4.5,1.53684213141386,-2.06363803726657
"195","Hepsetus odoe",70,4.63972347,0.61553196,0.380952381,0.587169166,0.801238095,0.612566361,0.164994263,0.152060975,3.486735728,4.1,1.00147063681672,-0.838701447058012
"196","Herichthys cyanoguttatus",30,1.956152959,0.510841675,0.232890607,0.288011923,0.165540803,0.605051875,0.291918878,0.22855608,2.447045683,2.89,-2.90987177250637,0.546582554208708
"197","Heterobranchus bidorsalis",150,5.683630854,0.545347791,0.283110758,0.486746532,1.243380412,0.369458781,0.369638714,0.153626598,1.742370115,3.7,1.03759115453433,-1.94373087943142
"198","Heterobranchus isopterus",90,5.064957101,0.559402377,0.306122449,0.508818389,0.555163265,0.415016248,0.423570664,0.159072097,1.420927989,3.7,0.998275013431954,-1.06276430150329
"199","Heterobranchus longifilis",150,6.662454545,0.647779221,0.141425649,0.483753247,0.680624012,0.558597403,0.382090909,0.136463493,1.656666061,3.72,2.6576525116121,-1.74948601240362
"200","Hiodon alosoides",52,3.598696429,0.490035714,0.552563812,0.496686224,0.581852535,0.517107143,0.265329082,0.200002268,2.35770853,3.19,-0.805235326023903,0.232926006590364
"201","Hiodon tergisus",47,3.22408072,0.534883163,0.518317472,0.555241849,0.527138944,0.476746011,0.232627095,0.173640555,2.389416329,3.72,-0.867736467554335,-0.00916715360297162
"202","Hippopotamyrus pictus",30,3.746391662,0.47283693,0.299341634,0.303430454,0.135762554,0.48072524,0.360929885,0.190256249,5.460689015,3.2,-1.37125312988466,-0.824349043295934
"203","Hoplerythrinus unitaeniatus",40,4.297790302,0.640245602,0.3365304,0.592581689,0.873740559,0.570089852,0.221814391,0.172156766,1.412302501,3.41,0.802984282715317,0.104085125185858
"204","Hoplias malabaricus",65,4.549046686,0.627579773,0.449766854,0.551273484,0.893322379,0.61609049,0.200276471,0.164983452,1.595244174,4.5,1.56293264009641,-0.346650649797521
"205","Hoplosternum littorale",26.3,3.281647835,0.472710833,0.262497137,0.220206021,0.327621360079796,0.517056414,0.196514815,0.201942657,1.73590965,2.74,-1.47081406776951,-0.683409896059909
"206","Hybognathus argyritis",12,4.14891866,0.566259131,0.41965,0.400668573,0.376016667,0.50906561,0.387441351,0.187078224,2.801823828,2,-0.404448619871533,1.12039706644533
"207","Hybognathus hankinsoni",10,4.453476403,0.504476533,0.496311024,0.457946635,0.359110236,0.533570849,0.252089119,0.161343928,2.129264894,3.09,0.266662248734878,0.448495702891092
"208","Hybognathus nuchalis",18,4.155014628,0.51302591,0.487453947,0.36422441,0.363901316,0.491360778,0.250028286,0.188111563,2.192302422,3.07844773388603,-0.273394689326565,0.152318095334612
"209","Hybognathus placitus",13,4.159109382,0.510220493,0.389530192,0.313039343,0.38854777,0.492883701,0.265317769,0.159188858,2.017136407,3.13456116334888,-0.0777198979784256,-0.254411803259411
"210","Hybognathus regius",15,4.463094485,0.543879785,0.536673913,0.481400118,0.275456522,0.504428369,0.229708638,0.172490581,2.925,2,-0.397126208487767,0.744395435249136
"211","Hybopsis amnis",8.4,4.837032609,0.567961957,0.551068376,0.3655,0.370786325,0.635869565,0.179347826,0.175637687,2.666014974,2.9,0.781617560258709,0.877512423069425
"212","Hydrocynus forskahlii",78,3.801047926,0.656962938,0.234056832,0.524597414,0.697146911,0.501408451,0.17198481,0.133552202,3.705935225,4,0.0316380672047207,-1.48932600035131
"213","Hydrocynus vittatus",105,4.052474347,0.586491752,0.378145932,0.474607092,0.538482799,0.532605966,0.216963242,0.164752137,4.385335484,4.41,0.102545827710036,-1.36143330270802
"214","Hypentelium etowanum",23,4.847871973,0.62226565,0.367527417,0.159953655,0.420520307376006,0.669582438,0.182026272,0.171916981,3.706975253,3,0.816247919745113,-0.401116326904098
"215","Hypentelium nigricans",61,4.921009516,0.626671919,0.392110668,0.085863689,0.478143219735724,0.736614661,0.197764496,0.199559643,2.555307123,3.3,1.31772298618382,-0.518900491812744
"216","Hypophthalmichthys molitrix",105,3.385020677,0.493936371,0.316898111,0.578815594,0.368427817,0.456579498,0.297775269,0.19777752,2.873008629,2,-1.8900332371248,-0.36331096246763
"217","Hypophthalmichthys nobilis",146,3.408390985,0.488693603,0.24572304,0.656005789,0.604370101,0.554376492,0.261572881,0.22218758,3.320970831,2.83,-1.51509242224752,-0.553340873493445
"218","Hypophthalmus oremaculatus",44,4.485805714,0.434285714,0.261538462,0.537142857,0.516375097881052,0.371428571,0.417142857,0.157804427,3.521126761,3.4,-0.556936856281427,-1.33117636815657
"219","Hypostomus ancistroides",21,4.526757311,0.648815214,0.205717602,0,0,0.664030968,0,0.240534171,2.666345499,2,-0.24972600521284,-0.488642422079249
"220","Hypostomus regani",41,4.575434407,0.580320447,0.28667174,0,0,0.780840804,0,0.296740973,3.547962269,2.79222433761705,-0.183448761614937,-0.409629066188392
"221","Hypseleotris compressa",12,2.92755514,0.52792715,0.442360435,0.493088736,0.316535433,0.498201661,0.458937922,0.200768642578762,2.51258892,2.87,-1.30087952352073,1.60533902609791
"222","Hypseleotris galii",6,4.512351673,0.49411735,0.575223554,0.516525643,0.503947869,0.53023291,0.422970707,0.189418263606393,2.152899824,3.35,0.551062805989959,1.61521695063367
"223","Hypseleotris klunzingeri",6.5,3.723489737,0.523078995,0.430350119,0.486774327,0.429131043,0.690428361,0.465058862,0.19851000240018,2.263981144,3.19,0.389377771288975,2.05209686589105
"224","Ictalurus furcatus",165,4.508068327,0.560972041,0.375399827,0.426891171,0.193244409,0.459405325,0.382099991,0.141592322,4.113898051,3.41,0.105287165098795,-1.50131157464815
"225","Ictalurus punctatus",132,4.242870388,0.610576951,0.324100187,0.488390593,0.247652458,0.461683521,0.324333682,0.140295608,3.196117814,4.16,0.49454265254844,-1.48571277337894
"226","Ictiobus bubalus",112,2.769376615,0.375575795,0.342734255,0.172781798,0.156460145,0.423947788,0.110580351,0.175652372,2.720124909,3.01,-2.83843209509302,-2.35802594467532
"227","Ictiobus cyprinellus",123,3.271618476,0.574395286,0.236382302,0.517014502,0.289722025,0.57477517,0.156740724,0.233957069,2.44818184,3.11,-1.20403766252066,-0.528810025836346
"228","Ictiobus niger",123,3.136200032,0.457732368,0.183521923,0.173701465,0.48293134729499,0.583906342,0.161981981,0.170484405,2.900035806,3.42,-1.40875088515786,-2.30253926325701
"229","Iheringichthys labrosus",29.7,4.364879381,0.468722209,0.394337169,0.097558231,0.272896541,0.60183029,0.123718906,0.195650233,3.28393866,2.94,-0.474381210359942,-1.11464859244592
"230","Kuhlia rupestris",45,2.655421383,0.570299941,0.373605846,0.52490001,0.637899017,0.499289512,0.389402477,0.186832259,2.773835634,3.22,-1.5150456217034,0.588295168762801
"231","Labeo coubie",75,3.420093002,0.45719643,0.323496111,0.259476487,0.252988663,0.510065252,0.171424286,0.218968818,2.807731768,2,-2.08329873197473,-0.908437058865428
"232","Labeo parvus",38,3.58001025,0.509374498,0.220350113,0.154030919,0.220350113,0.512572001,0.165872391,0.233442449,2.166653847,2,-1.69721314193461,-0.716970793538595
"233","Labeo senegalensis",65,3.319367307,0.591551961,0.19324147,0.281814807,0.205489939,0.465915956,0.290200246,0.198913201,1.670907379,3.12364047428486,-0.914293102455036,-0.832055863604599
"234","Labeobarbus bynni",82,3.105529948,0.44147526,0.411882353,0.269644531,0.543565359,0.3984375,0.25,0.193187388,2.78847243105383,3.1,-2.09378458758238,-1.26300607488764
"235","Labeobarbus wurtzi",24.5,2.608085729,0.416460463,0.286118079,0.26712447,0.37329965,0.36193326,0.258537459,0.203416507,2.29331597,3.2,-2.80240685175479,-0.87778126470195
"236","Labidesthes sicculus",13,6.972761485,0.471497705,0.628565998,0.559578758,0.486533503,0.644562285,0.528515611,0.157045455,3.546281655,3.35,2.38598712301769,1.11877015532095
"237","Lates niloticus",200,2.855017094,0.414952318,0.327294604,0.322023631,0.959259761,0.353913513,0.37460565,0.174819387,1.935588273,4.48,-1.6666720005957,-2.15733864390828
"238","Leiopotherapon unicolor",31,2.865350127,0.580084929,0.328617219,0.45387644,0.535554603,0.504844262,0.315546989,0.210113596,2.25940571,4.1,-0.953112233429224,0.279700086515765
"239","Lepisosteus oculatus",150,8.520604278,0.335192513,0.517447799,0.163994652,3.722334993,0.413609626,0.221032086,0.083093326,2.375456884,4,2.04699222977435,-4.05642463020324
"240","Lepisosteus osseus",200,10.64851028,0.657994382,0.417702324,0.497840077,2.913916818,0.808904572,0.302211477,0.054895659,2.965699566,4.19,5.48338251218434,-2.02386318080377
"241","Lepisosteus platostomus",88,8.4750246,0.574628334,0.533264176,0.63119066,3.767481971,0.425579107,0.305284434,0.102870247,2.500614583,3.9,2.93829521427944,-1.56354207813353
"242","Lepomis auritus",30.5,2.099393081,0.541623076,0.304964539,0.416639368,0.387744681,0.496665997,0.323861455,0.218364673,2.372348955,3.24,-2.62097896250845,0.638355509808445
"243","Lepomis cyanellus",31,2.418047256,0.572431215,0.30877193,0.48164257,0.566470175,0.550433201,0.302440833,0.211780812,2.507163324,3.49,-1.75920107553127,0.669392050477933
"244","Lepomis gibbosus",40,2.148928303,0.523731719,0.330129489,0.464434835,0.301593427,0.494616905,0.318648272,0.250377931,2.415496154,3.25,-2.78343820178424,0.805171741573255
"245","Lepomis gulosus",31,2.380418601,0.656447212,0.432426311,0.639960352,0.558773093,0.473128485,0.320984772,0.234362967,2.828672096,3.35,-1.92067536105134,1.68032662109883
"246","Lepomis humilis",15,2.2138215,0.519635589,0.3984375,0.429411808,0.399125,0.466819355,0.349184525,0.247897519,2.704383792,3.61,-2.55973899509818,1.27004151564014
"247","Lepomis macrochirus",41,1.899540662,0.53012832,0.285712472,0.489906007,0.277191891,0.514919493,0.3382264,0.300838867,2.975986278,3.24,-3.47720897137224,1.34211718001073
"248","Lepomis marginatus",12,2.122495576,0.515778473,0.379359679,0.409744146,0.312674158,0.527870839,0.312574919,0.283171836,2.603256389,3.3,-2.85500894150275,1.78044210841389
"249","Lepomis megalotis",24,2.035674223,0.551248096,0.272805195,0.436860496,0.370188312,0.551921871,0.360738285,0.255103837,2.643664085,3.64,-2.5207308599325,1.18721981926142
"250","Lepomis microlophus",43.2,2.300558419,0.467191628,0.319605616,0.362397668,0.323198718,0.495481806,0.308141247,0.300112226,2.126116509,3.5,-2.85835667721315,0.618203037671374
"251","Lepomis miniatus",16,2.164684139,0.588233772,0.41779447,0.529410865,0.299667123,0.468283277,0.331794134,0.236996067,2.082451343,3.4,-2.31309568926418,1.7232168779959
"252","Lepomis punctatus",20,2.230021492,0.531263995,0.416657764,0.453128035,0.371842482,0.478525111,0.3338582,0.243739738,2.0471017,3.4,-2.41735162154875,1.31934501401556
"253","Leporinus friderici",40,3.39105718,0.472554325,0.360283086,0.464835413,0.264668959,0.50679422,0.21533933,0.168423037,3.334068424,3.26,-1.2677777145411,-0.770227400327276
"254","Leporinus lacustris",24,2.700861854,0.514284187,0.397062702,0.499342529,0.208862538,0.403024221,0.241305009,0.1531142,2.098586573,3.72,-1.65024299766842,-0.313119864041058
"255","Leucaspius delineatus",12,4.33928169,0.433064294,0.472083149,0.47113322,0.472242674,0.680182624,0.12047509,0.15772719,3.089545793,3.24,0.0816823125987807,-0.0679684863542983
"256","Leuciscus aspius",120,3.995498524,0.591368334,0.226139983,0.562939922,0.659581401,0.427810753,0.346982617,0.174020601,2.212635366,4.46999979019165,0.265626469065466,-1.34198136481701
"257","Leuciscus burdigalensis",40,4.088354127,0.497896326,0.408502122,0.319111824,0.369156594,0.485192651,0.250707591,0.166581396,2.993740354,2.8,-0.650885981489105,-0.794451917304233
"258","Leuciscus idus",85,3.583934434,0.520366586,0.406840754,0.542585138,0.460805228,0.465069806,0.240230979,0.185600454,2.150565321,3.79,-0.64103958897613,-0.729017747228711
"259","Leuciscus leuciscus",40,4.559024887,0.476097198,0.443884164,0.324335707,0.359510662,0.551620454,0.226099646,0.163173148,2.808990347,2.87,-0.0669911153238069,-0.801247499300129
"260","Loricariichthys platymetopon",38.3,8.259375543,0.682214181,0.242457869,0,0,0.628951691,0,0.134505745,5.435635367,2.45000004768372,1.97623856501317,-2.52600165771686
"261","Loricariichthys rostratus",28,9.048411307,0.667455394,0.263444308,0,0,0.645026922,0,0.154211743,2.62137037080625,2.6,2.85160960416605,-2.04223147305031
"262","Lota lota",152,7.373325701,0.773211219,0.481078462,0.524813967,0.782215076,0.649656554,0.658757871,0.123253268,1.758428693,3.84,4.43176894407766,0.485884625543891
"263","Lucania parva",6.2,3.646698228,0.50482058,0.559133759,0.492203082,0.168296951,0.586783449,0.375394814,0.177438578,1.621360188,3.2,0.0650528813414701,1.76446097158467
"264","Luxilus chrysocephalus",24,3.026113142,0.483371139,0.257130613,0.385708873,0.249254797,0.516678066,0.14524851,0.15942439,3.088623188,3.27,-1.62098041256266,-1.00709811503962
"265","Luxilus coccogenis",14,4.169817808,0.534878878,0.449228814,0.496837558,0.606686441,0.571467315,0.158291603,0.134695456,3.036460747,3,0.00833081437877379,-0.0513912894739299
"266","Luxilus cornutus",18,3.5826209,0.53351614,0.442392068,0.485282688,0.412803311,0.535479422,0.203752951,0.196708096,2.963767242,2.75,-0.988261247637939,0.553299737696135
"267","Luxilus zonistius",10,4.1600125,0.576705,0.515112537,0.5300425,0.553068868,0.55004,0.2333325,0.163447225,2.778514929,3,0.147765347834432,0.942931785811739
"268","Lythrurus fumeus",7,5.26646194,0.531550802,0.702502185,0.540615238,0.543743298,0.569488714,0.193745257,0.135365931,2.636223837,3.2,1.15898295327147,0.941835819779255
"269","Lythrurus umbratilis",9,3.758229128,0.575468239,0.448330083,0.57547864,0.562526832,0.502713357,0.239014611,0.17170056,3.231638864,3.03,-0.500761913136446,0.900412650312353
"270","Macquaria ambigua",76,2.81470212,0.533494692,0.28644898,0.554399917,0.698061224,0.33885412,0.343114,0.189194634,2.56318629,3.69,-1.88724633803047,-0.722864647920749
"271","Percalates novemaculeatus",60,2.940020119,0.463121085,0.338011628,0.367447876,0.678023256,0.514951559,0.334814318,0.19620734,2.345376037,3.4,-1.49659065335573,-0.488020391619837
"272","Macrhybopsis aestivalis",9,4.199414519,0.667410396,0.407863696,0.277961121,0.342002815,0.564677053,0.298370739,0.154823819,2.938253753,3.2,0.698813970076615,0.639208399077504
"273","Macrhybopsis gelida",8.4,5.768760654,0.630173008,0.310073219,0.285716876,0.255713335,0.653875449,0.240723949,0.20479659,2.948607967,3.3,1.62649511862777,0.421952820709996
"274","Macrhybopsis meeki",11,4.602880356,0.617930646,0.23251461,0.336857304,0.311960568,0.588343979,0.264579204,0.159941517,3.128188611,3.3,0.760333939907788,-0.166546621512078
"275","Macrhybopsis storeriana",23,4.940166726,0.572636548,0.480922032,0.298414406,0.246384002,0.652439146,0.254063583,0.161946524,2.853970017,3.63,1.3000827229229,-0.0758835891109724
"276","Malapterurus electricus",122,4.455232794,0.80797162,0.119402985,0.771410143,0.327671642,0.800267552,0.446752347,0.110214182,1.518962963,2.93,2.58563968143286,0.630449484676249
"277","Marcusenius furcidens",32,3.182276236,0.406080847,0.249151163,0.298389113,0.12901938,0.356348177,0.284861694,0.123449926,3.876388662,3.1,-2.1234310332026,-2.02126829624516
"278","Marcusenius senegalensis",32.1,3.586778434,0.510265692,0.327282128,0.499992673,0.457115559044318,0.382644313,0.372444568,0.162499847,3.257459777,3.2,-1.09992366429298,-0.516878573776304
"279","Marcusenius ussheri",30.5,3.091270883,0.543287589,0.153772816,0.41877685,0.175331765,0.388013126,0.409361575,0.196551997,3.784210363,3.1,-1.81601582342142,-0.473232572410119
"280","Meda fulgida",9.1,4.654165322,0.64126485,0.5,0.508001624,0.329267857,0.583072166,0.262975959,0.190210291,3.23255814,3.2,0.780445825997901,1.32981409781516
"281","Megalancistrus parananus",60,4.647742671,0.678671102,0.212942738,0,0,0.84598614,0,0.406705893,2.485759448,2.75392241017586,0.0432214926556355,0.718323145578561
"282","Megaleporinus elongatus",50,3.662474812,0.496447955,0.433333333,0.467980114,0.246083333,0.441247849,0.182382444,0.153448885,3.23020573,2.5,-1.39251414875858,-0.816346594784133
"283","Megaleporinus macrocephalus",68.4,3.331926701,0.468228527,0.280553637,0.46489693,0.272187394,0.478723639,0.21490443,0.12959368,2.070328943,2.5,-1.37392818841659,-1.34452627227296
"284","Megaleporinus obtusidens",76,3.360849308,0.485040158,0.316909506,0.4494364,0.290916215,0.42320566,0.220401327,0.146263047,2.618335963,3.23,-1.33504867420328,-1.52458903539083
"285","Megaleporinus piavussu",38.02,3.102652657,0.414630101,0.311111111,0.399996098,0.267133333,0.439020107,0.199998049,0.170385976,3.169484317,2.6,-2.31234738996152,-1.11528295888765
"286","Megalops cyprinoides",150,3.852553742,0.574611447,0.494784572,0.632583891,0.631411057,0.572525514,0.150022442,0.169423708,3.683126263,3.48,-0.319492984856725,-0.635591494615283
"287","Melanotaenia duboulayi",11,3.254346131,0.463815295,0.43876184,0.453016646,0.385479587,0.581950732,0.527991684,0.200400711149687,3.019935806,2.9,-0.865404249456475,1.5826202690711
"288","Menidia beryllina",15,6.136203859,0.603131844,0.683736523,0.603413527,0.248445573,0.618933888,0.740748088,0.163359017,2.894710388,3.2,2.70938331203956,2.55953044597632
"289","Metynnis lippincottianus",16.4,1.593743418,0.56777756,0.309949515,0.554206071,0.142932667,0.398700429,0.322926179,0.179609156,4.254763035,3.5,-3.85073646435771,0.774722400779273
"290","Micropterus coosae",47,3.916524056,0.573535323,0.403768506,0.459335914,0.851643915,0.597356059,0.399290202,0.147357771,3.2,3.6,0.464613123188022,-0.0372590018236624
"291","Micropterus dolomieu",69,3.341377865,0.652592702,0.332552432,0.601273409,0.656669649,0.610300565,0.389737954,0.171659093,2.828317774,3.56,0.120980421320766,0.513099777202919
"292","Micropterus punctulatus",64,3.347326272,0.619045718,0.304379901,0.551825412,0.760531979,0.515434809,0.386563502,0.164817295,2.64564865,3.56,-0.256447064407819,-0.0374692086245826
"293","Micropterus salmoides",97,2.897989032,0.598507859,0.271130617,0.546138912,0.84366518,0.471328002,0.326692452,0.172997466,2.367404334,3.84,-0.967658856118721,-0.564920697133214
"294","Minytrema melanops",50,4.20919788,0.501766784,0.272235108,0.130742049,0.170665397,0.597215548,0.155477032,0.204057579,3.780000605,3.43,-0.459682054956732,-1.56196516120746
"295","Misgurnus anguillicaudatus",28,6.754390351,0.497109649,0.235894757,0.158328947,0.604365024730418,0.520600877,0.169592105,0.110659668,1.343433219,3.24,1.81104261875046,-2.47375158766565
"296","Misgurnus fossilis",30,7.466360508,0.454787158,0.191796586,0.164344414,0.578322677065894,0.518909773,0.13868115,0.15485468647551,2.006729063,3.4,1.64410591324769,-2.70258743864809
"297","Mogurnda adspersa",14,3.810604144,0.506177865,0.240054697,0.511360011,0.309559366,0.611504142,0.466007988,0.151081879,1.655642611,3.45,0.495043180707481,0.439891339082237
"298","Mormyrops anguilloides",150,4.907806275,0.45791416,0.196333333,0.373726174,0.348126984,0.342404331,0.326610251,0.126894514,3.905529628,3.77,-0.256404499463972,-3.18608238763295
"299","Mormyrops breviceps",65,8.565067843,0.580067688486654,0.381706932868682,0.443929826268512,0.695079121811735,0.582408198,0.357383042096891,0.158931819505287,2.704009434,3.3,2.96695961668278,-0.976421637511548
"300","Mormyrus hasselquistii",50,4.623678822,0.465260421,0.191568084,0.22397041,0.156643702,0.457117548,0.316934666,0.106126596,3.445124034,3.2,-0.0659749648588362,-2.49430632309186
"301","Mormyrus rume",100,3.865539614,0.447265641,0.254776262,0.214530319,0.22088226,0.379057029,0.322974393,0.141278595,3.241779773,2.48,-1.44794784775097,-2.24709495380969
"302","Morone americana",58,2.722076572,0.472522853,0.408997653,0.347356224,0.574882629,0.449977501,0.360438316,0.211337246,2.6667967,3.14,-2.1270433140581,-0.115404683827535
"303","Morone chrysops",45,2.952101611,0.504293644,0.478349465,0.487330335,0.676811129,0.447893882,0.332440849,0.167800492,2.127240239,4.04,-1.02661193908783,-0.166907263290228
"304","Morone mississippiensis",46,2.93300261,0.501751373,0.470234413,0.328622174,0.497973541,0.466417682,0.381603867,0.206227864,2.892144026,4.1,-1.25155700216045,-0.0651973995886326
"305","Morone saxatilis",200,3.453472984,0.645352095,0.295859905,0.613368246,0.707712585,0.491275844,0.386636114,0.154030837,2.867191666,4.65,0.280999682050008,-0.983993536219218
"306","Moxostoma anisurum",74,3.757618836,0.51491424,0.329753812,0.14374685,0.173722338,0.618485284,0.120532435,0.171483571,2.317764018,3.01,-0.499971705646366,-1.48639985902235
"307","Moxostoma carinatum",77,3.452162178,0.515951514,0.413229411,0.168787245,0.212323386,0.531990207,0.165725205,0.146698964,2.69703971,3.56,-0.694953161246724,-1.64156110821914
"308","Moxostoma collapsum",45,4.210217963,0.581945011,0.282179132,0.090288321,0.399026048739428,0.652219421,0.157487911,0.201743879,2.981009003,3.1,0.0575763622160693,-0.96110055360706
"309","Moxostoma congestum",65,4.213326947,0.555975903,0.387276521,0.202823707,0.157026179,0.604890789,0.202911118,0.157165607,2.639360656,3.1,0.200613889673848,-1.09419798508433
"310","Moxostoma duquesnei",51,4.209455855,0.603144172,0.292671671,0.219525207,0.184592666,0.541877834,0.209730928,0.18569505,2.901687311,3.04,-0.0847732374513782,-0.941484998492141
"311","Moxostoma erythrurum",78,4.151472542,0.492648775,0.31061533,0.07719751,0.163034229,0.591858604,0.139738521,0.176040424,2.633902416,3.04,-0.382796275211143,-1.88186753119764
"312","Moxostoma lachneri",44,4.683216701,0.485691387,0.279344889,0.14197193,0.205957952,0.593181907,0.10129403,0.135893883,3.102089394,3.1,0.100934771756292,-2.19436756406073
"313","Moxostoma macrolepidotum",75,4.049625937,0.427608303,0.331098905,0.162886286,0.142170706,0.512366733,0.176674803,0.163250001,1.941254114,3.13,-0.657028343314045,-2.04327564217464
"314","Moxostoma pappillosum",45,4.440402029,0.525019173,0.291666667,0.070839444,0.415308723285084,0.645829689,0.170889227,0.167751436,3.395815469,3.1,0.124988689023078,-1.53043806697202
"315","Moxostoma poecilurum",51,4.242560662,0.50758517,0.297737342,0.140201589,0.160240506,0.598480315,0.147775396,0.17900137,2.74178335032078,3.1,-0.214006065085038,-1.51088791253216
"316","Mugil cephalus",100,4.00102005,0.555333459,0.498534249,0.589632462,0.292992905,0.521260137,0.674227773,0.195523875,2.442879162,2.48,0.0835985683434824,1.33940442420836
"317","Mylopharyngodon piceus",180,3.989283975,0.507637604,0.276566621,0.315864588,0.404395328,0.387871408,0.366405261,0.160547009,2.69618817162783,3.19,-0.725364674796979,-1.98454436454988
"318","Nematalosa erebi",48,2.342373003,0.547654316,0.342739726,0.481566147,0.282410959,0.37416134,0.322803852,0.183661412,1.983747153,2.8,-2.57283788773525,0.0868401036102115
"319","Neogobius fluviatilis",20,4.574484995,0.663162553,0.275775551,0.408789184,0.575468739,0.662304587,0.551717287,0.18521319,2.132923063,3.41,1.7025570809731,1.18985185705308
"320","Neogobius melanostomus",25,4.023622501,0.730706368,0.297320611,0.543404063,0.496183206,0.629741085,0.71641461,0.248505977,1.908822333,3.3,1.33004235996719,2.70056441922861
"321","Nocomis biguttatus",26,3.568482975,0.561716547,0.25683832,0.309770115,0.381854373,0.591075689,0.254879636,0.168820869,2.386740773,3.03,-0.366624169695923,-0.35597685798958
"322","Nocomis leptocephalus",26,3.68447726,0.624255465,0.218499636,0.433789156,0.373846256,0.549863836,0.283032607,0.149583798,2.117192919,3.1,0.0400697132459279,-0.234217894711326
"323","Nocomis micropogon",33,4.228283398,0.643583027,0.252472123,0.332189186,0.444603408,0.698953659,0.228603459,0.158098565,2.294693192,3.17,0.954808308339763,-0.237828601563881
"324","Nocomis raneyi",32,4.119017741,0.575313761,0.29566016,0.253371293,0.397125321,0.510729761,0.256817485,0.15544596,1.957082329,3.1,0.0991922666747713,-0.848394594085627
"325","Notemigonus crysoleucas",32,3.334368484,0.486819417,0.429694444,0.47798691,0.303794444,0.395879336,0.261053831,0.165396508,2.965019458,2.65,-1.70602376313177,-0.337803754651823
"326","Notesthes robusta",30,2.314704723,0.73152265,0.27775096,0.621904714,0.601625175,0.482956154,0.461180219,0.25417445,2.40474784027267,3.12,-1.67914566028016,2.21225937764794
"327","Notropis amabilis",6.2,4.623535294,0.476470588,0.672368421,0.458858824,0.408384556,0.612470588,0.211764706,0.168189353,2.54467093,2.9,0.400801255285655,1.23505519292704
"328","Notropis amoenus",11,5.004993643,0.450170468,0.619530973,0.36917624,0.439637168,0.508590911,0.256901421,0.175667388,2.396554348,2.8,0.196510678551846,0.406200470499526
"329","Notropis atherinoides",13,5.127935982,0.568281312,0.632200736,0.594858376,0.55483089,0.550661288,0.295185798,0.149678781,2.726114511,2.8,0.97191695442178,1.1350217268548
"330","Notropis atrocaudalis",8,4.288289866,0.507310166,0.541267123,0.357960891,0.35839726,0.532842826,0.259224385,0.154774468,2.262453901,2.9,0.106595597153732,0.571044363217441
"331","Notropis bairdi",8,4.662683647,0.611257897,0.479096324,0.42427844,0.293419508,0.630886534,0.29573692,0.186528081,2.90048032,2.9,0.841760416709762,1.3785269466853
"332","Notropis blennius",13,4.411863971,0.485308824,0.555585648,0.360294118,0.43754644,0.529422794,0.213235294,0.212495219,2.551493024,2.7,-0.403266139137196,0.633175765937776
"333","Notropis boops",9,4.415463857,0.588241998,0.628037292,0.503687473,0.446613781,0.602947772,0.246432012,0.174530709,2.881068136,3.2,0.655722637231341,1.45394249604403
"334","Notropis buccata",10,4.500350911,0.597173697,0.500541964,0.42211822,0.375943987,0.591284255,0.313486358,0.185983774,2.721643143,3.14,0.702347622009824,1.18657238652937
"335","Notropis buchanani",6.4,4.224460615,0.520157999,0.569072966,0.390173014,0.365283031,0.577336191,0.274131346,0.191472527,2.491587815,2.9,0.0681204448612198,1.33235881356545
"336","Notropis cummingsae",7.2,4.828789865,0.54741462,0.696739503,0.535335124,0.41471965,0.528300077,0.241416709,0.163457171,2.997306095,2.9,0.505870388477695,1.36338420982491
"337","Notropis dorsalis",8,4.755889671,0.592741784,0.514020366,0.451298122,0.402494917,0.563399061,0.330985915,0.14427774,2.20571941,2.86,1.02065829638256,1.07728248917
"338","Notropis girardi",8,4.304976598,0.470541834,0.463016082,0.271872316,0.457057202,0.473618245,0.239775974,0.225314147,2.494626094,2.9,-0.676016004761247,0.420201789427357
"339","Notropis greenei",8,5.13485923,0.510548683,0.625825588,0.358737512,0.514542437,0.653999386,0.240535931,0.188988902,3.054161469,2.9,0.826244024317596,1.12851621258618
"340","Notropis hudsonius",15,4.335802447,0.577618018,0.586121929,0.394397688,0.53222249,0.527457146,0.278188792,0.178362481,3.01540197,2.11,-0.206815731930193,1.08426801831644
"341","Notropis hypsilepis",5.1,5.159183673,0.587690824,0.577958408,0.381488028,0.51327457,0.608902459,0.284043066,0.149849247,2.388759035,2.9,1.36460192192998,1.28086298118293
"342","Notropis jemezanus",8,5.002972245,0.539546209,0.511304831,0.567315072,0.464952804,0.628287959,0.222332305,0.141150761,2.500490858,2.9,1.0331590523772,0.837255354620504
"343","Notropis leuciodus",8.2,5.237580516,0.56311308,0.552884459,0.431556014,0.490829567,0.647307708,0.19997474,0.173104477,3.32486315,2.9,0.992549065111728,0.925869630762234
"344","Notropis longirostris",6.5,4.631923519,0.467156084,0.374596491,0.219899925,0.443820663,0.585520188,0.160229369,0.136147958,2.601923011,2.9,0.211018088045927,-0.584031478428107
"345","Notropis lutipinnis",8,3.751552795,0.552795031,0.516551555,0.506248447,0.594723633,0.468984472,0.239149068,0.18355298,2.388367327,2.9,-0.61189709847379,1.0740381942561
"346","Notropis ortenburgeri",5.5,5.053118308,0.5178445,0.691651674,0.496569206,0.416127159,0.617009746,0.260644203,0.144306714,3.134608853,2.9,0.960955693632298,1.38014120764977
"347","Notropis photogenis",14,5.463603929,0.585904968,0.549783178,0.533865213,0.547365084,0.60305388,0.2412222,0.153500643,3.204917646,3.27,1.39016629469463,0.593596584883166
"348","Notropis potteri",11,4.326201219,0.633569453,0.458363414,0.449953908,0.454781474,0.582439798,0.322158071,0.151447466,2.326955751,2.8,0.765108331613888,1.08478988245828
"349","Notropis procne",7.2,5.108250996,0.551155378,0.678988095,0.398086964,0.33839881,0.477264592,0.318176395,0.158164431,3.411640112,2.78,0.538044619197857,1.06064416441547
"350","Notropis rubellus",9,5.016944915,0.54699033,0.487001919,0.529914009,0.53565341,0.658111413,0.256436472,0.178925117,2.834846559,3.08,1.02499606988824,1.07004657514965
"351","Notropis sabinae",6,4.159241844,0.550176935,0.403261155,0.22491638,0.438327343,0.552959426,0.262979301,0.13911726,2.115480769,2.9,0.284246131528879,0.225014066283727
"352","Notropis shumardi",10,4.429293535,0.502299634,0.580134755,0.433810612,0.622896953,0.598237004,0.223788797,0.155853675,2.811185793,2.8,0.216431946351473,0.7126438866429
"353","Notropis simus",10,3.929895783,0.470593978,0.5073978,0.377222028,0.414465199,0.561411359,0.228389889,0.194915237,2.357479543,2.8,-0.56398228173824,0.690531023524389
"354","Notropis spectrunculus",8,5.748963602,0.469444705,0.553627415,0.289446852,0.482526952,0.644009016,0.22366744,0.15952818,2.965551086,2.9,1.14022149596138,0.225152126454656
"355","Notropis stramineus",8.2,4.098217251,0.530547179,0.545412046,0.382686611,0.433057164,0.511484251,0.263745898,0.162641024,2.623525246,2.37,-0.367566845599106,0.893366273435955
"356","Notropis telescopus",12,4.913813989,0.474462099,0.664347465,0.465822347,0.435420446,0.632400351,0.21795825,0.20870442,2.81408461,2.8,0.346990391823154,1.2232137951456
"357","Notropis texanus",9,4.131146466,0.504110622,0.596754943,0.454914304,0.39678962,0.508208949,0.282784567,0.186456357,2.52055208,2.49,-0.442824633106369,1.23097501768984
"358","Notropis volucellus",8,4.558079537,0.56716108,0.523342476,0.389204387,0.401417697,0.569783571,0.310058387,0.168098617,2.963439017,2.98,0.552838587106288,0.99928151800365
"359","Notropis wickliffi",7.8,4.46689273,0.493378546,0.670189454,0.382279589,0.414996056,0.582374389,0.195558959,0.186355288,2.833925703,2.9,0.0530597408770665,1.07142662977276
"360","Noturus eleutherus",13,4.902231525,0.697224123,0.242960806,0.338015503,0.360996561,0.650365289,0.45447817,0.159471416,1.71407658,3.3,2.04529237462677,0.807498180112876
"361","Noturus exilis",15,6.620914776,0.678776497,0.287178136,0.527264325,0.51602213,0.709078932,0.430447949,0.131433026,1.779008149,3.4,3.36632569840674,0.646098994517926
"362","Noturus flavus",31,5.364153798,0.586166815,0.349859803,0.264218641,0.259227838,0.668075602,0.412320181,0.167163925,1.797630435,3.24,1.87562639681755,0.0283692682034299
"363","Noturus gyrinus",13,4.965583889,0.565012387,0.274446036,0.276521888,0.246374816,0.5461886,0.406554792,0.169448411,1.468282046,3.34,1.22094013193115,-0.0208233253208621
"364","Noturus insignis",15,5.793562587,0.597817964,0.258113539,0.320694012,0.385805791,0.674102254,0.456515536,0.171038339,1.483221477,3.31,2.34136022196359,0.395045334249398
"365","Noturus leptacanthus",9.4,4.709688172,0.715053763,0.218174757,0.478526882,0.301126214,0.553763441,0.57011828,0.122119584,1.621705735,3.3,2.03627952270641,1.02719277395772
"366","Noturus miurus",13,5.014047048,0.56022652,0.380338744,0.301120075,0.297597651,0.66386591,0.236855228,0.187896571,1.783658045,3.5,1.3341686271089,0.214596773522889
"367","Noturus nocturnus",15,6.272227938,0.660394517,0.271097744,0.344339476,0.542706767,0.691131689,0.462268367,0.14921107,1.605586843,3.4,3.03480643048507,0.464892793448897
"368","Oncorhynchus clarkii",99,3.866290382,0.657989198,0.18156312,0.70149116,0.812631516,0.561969539,0.295372203,0.130168915,2.274087444,3.89,0.717010490378863,-0.836717121888009
"369","Oncorhynchus kisutch",108,3.952524244,0.569324567,0.296599751,0.482902796,0.837734123,0.581876792,0.257360533,0.153700295,2.717114626,4.18,0.439570114737557,-1.27329603582426
"370","Oncorhynchus masou",79,4.0271649,0.620476307,0.194426635,0.617870034,0.844826008,0.589889529,0.325828649,0.156226308,2.557863999,3.6,0.566685009783871,-0.571306692248427
"371","Oncorhynchus mykiss",122,3.945403278,0.603331072,0.318734538,0.50286397,0.825899299,0.525988454,0.243535353,0.155970227,2.650049006,4.08,0.310786877886169,-1.241828226061
"372","Oncorhynchus tshawytscha",150,3.933571435,0.520788792,0.282991516,0.477860592,0.863472728,0.55844327,0.217770717,0.149391074,3.091758881,4.4,0.127139631263149,-1.97140788701308
"373","Opsopoeodus emiliae",7,4.931075561,0.494115073,0.660138943,0.520208513,0.386646763,0.544727582,0.245908636,0.149960907,3.570188967,2.88,0.376668960393618,0.930080670352069
"374","Oreochromis aureus",46,2.487046248,0.59197164,0.324630069,0.464649112,0.2161608,0.489498561,0.385858656,0.319512947,2.383391003,2.06,-2.80111059549705,1.92912298206152
"375","Oreochromis mossambicus",39,2.202916678,0.558858251,0.221400067,0.500847926,0.325302982,0.571703629,0.280433988,0.349541403,2.333975575,2.17,-3.35229812366386,1.93298106325942
"376","Oreochromis niloticus",64,2.661180001,0.529411566,0.328973443,0.440296211,0.333174359,0.457829901,0.392379683,0.29965704,2.545328124,2,-2.86235364635422,1.2001130936527
"377","Osmerus mordax",36,5.633480849,0.637819573,0.432381904,0.57449545,1.12371962,0.556041537,0.249461082,0.137254391,3.794753663,3,1.28828559801556,-0.212394713512424
"378","Oxyeleotris lineolata",45,5.194266076,0.520187599,0.418052205,0.359965891,0.680380779,0.594465045,0.617204357,0.206586059,2.238214286,3.7,1.51818066191575,0.516259157622648
"379","Pachychilon pictum",20,3.757233828,0.457590199,0.45480303,0.43636652,0.273151515,0.550830837,0.176123987,0.162700916,2.246286371,2.78,-0.76084893741468,-0.14899583491178
"380","Papyrocranus afer",80,5.202131569,0.505145167,0.414487123,0.43005289,0.801062751,0.559313232,0.15051212,0.115276519,0,3.15,1.28709359175813,-1.5194936569944
"381","Parachondrostoma toxostoma",30,4.39650385,0.547940595,0.432179532,0.465760725,0.293643431,0.438372109,0.236337246,0.156697815,2.624828153,2.79,-0.250809805874412,-0.41154109322014
"382","Perca flavescens",50,3.652181983,0.487982482,0.388464514,0.401412646,0.598923125,0.47006921,0.329288079,0.179624041,2.606796623,3.67,-0.640777578395799,-0.68509131387676
"383","Perca fluviatilis",60,3.284140914,0.5129916,0.360131605,0.436473059,0.650261995,0.508425097,0.361675652,0.183462986,3.009296765,4.35,-0.571162154051837,-0.617244505971732
"384","Percina aurantiaca",18,5.14418443,0.560296743,0.41219592,0.27568063,0.502854934,0.531325549,0.468611247,0.17905916,1.793048505,3.5,1.37020369914318,0.282377277177392
"385","Percina caprodes",18,5.775148098,0.628528375,0.479622892,0.404940529,0.635883545,0.576084356,0.461919436,0.145956066,2.890723393,3.43,2.10207532227472,0.587558603775346
"386","Percina carbonaria",13,5.668790339,0.511741796,0.409373428,0.212973957,0.468730577,0.624387269,0.467740669,0.20456983,2.140746119,3.4,1.61530676373061,0.513552568547203
"387","Percina copelandi",7.2,6.034443811,0.709400057,0.477850746,0.443383939,0.34458209,0.681753429,0.49459685,0.246038638,2.391304348,3.34,2.55777121843602,2.66190279073609
"388","Percina evides",10,5.124446544,0.585306292,0.404089552,0.341169123,0.568343284,0.536442028,0.476760851,0.23605686,2.768284715,3.4,0.979530391538638,1.2424040875248
"389","Percina macrolepida",11,6.174931563,0.635069562,0.500318081,0.464994188,0.499762276,0.55999175,0.390122623,0.176974243,2.482690849,3.4,2.14337013769119,1.0353663260007
"390","Percina maculata",11,5.436294118,0.549215686,0.542362541,0.372678922,0.557440877,0.578514706,0.392279412,0.177563832,2.900705953,3.95,1.6223621570982,0.661422265218549
"391","Percina nevisense",77.7,6.646218703,0.609755137,0.636676923,0.32926541,0.820261538,0.640230089,0.500068948,0.197946245,2.302605849,3.4,2.63799411213545,0.684457273959778
"392","Percina nigrofasciata",11,4.780179466,0.599102672,0.4262934,0.396695751,0.51330899,0.504040454,0.396801101,0.197599589,2.115028623,3.4,0.888693517278481,0.902311826659968
"393","Percina peltata",9,5.686376916,0.50917217,0.564675991,0.31363672,0.516366425,0.595732495,0.42729594,0.250752097,2.526659088,3.4,1.24023248459246,1.48419601549054
"394","Percina phoxocephala",10,5.676371498,0.521565625,0.547276906,0.336492208,0.380779635,0.576101252,0.398360508,0.202945723,2.63139722,3.4,1.37341433698151,0.926480059081433
"395","Percina roanoka",8,4.725526417,0.615035242,0.450236913,0.38959068,0.512124125,0.579892836,0.469027782,0.214435425,2.503407221,3.3,1.09172277271359,1.72994220649563
"396","Percina sciera",13,5.120752544,0.535692706,0.461411023,0.28682921,0.464734902,0.603417895,0.451352574,0.177652092,3.077200213,3.2,1.13947308327747,0.63567472775341
"397","Percina shumardi",8,4.604824674,0.49908513,0.439712863,0.265235331,0.428965772,0.59230454,0.417899003,0.211034959,2.5489454558105,3.36,0.574475531806328,0.91945331174686
"398","Percina squamata",13,5.847554292,0.557931424,0.467112598,0.363156813,0.725360812,0.568421593,0.479387888,0.192395446,2.100896272,3.4,1.81713734808872,0.872257613476724
"399","Percopsis omiscomaycus",20,4.78938995,0.498044927,0.405373194,0.22581368,0.317208007,0.780258809,0.227225366,0.203748974,3.416359754,3.38,0.857009010485679,0.046005741321095
"400","Petrocephalus bane",20,2.929555962,0.547940243,0.29798331,0.349684309,0.20402972,0.471329009,0.369203699,0.188928898,3.643730428,3.2,-1.57610285742479,0.130467614131683
"401","Petrocephalus bovei",11.2,2.983294342,0.434597698,0.325377944,0.221954524,0.115620481,0.498823104,0.238672712,0.170878018,4.67648896,3.25,-2.08888021741817,-0.690202648720297
"402","Petrocephalus pellegrini",9.1,3.191945392,0.541231919,0.300103525,0.289283276,0.14015811,0.552601983,0.334601008,0.150692157,3.637156722,3.2,-0.855313613268385,0.13109140243572
"403","Phenacobius crassilabrum",11.2,5.138731528,0.651147426,0.392192289,0.33501663,0.289757899,0.567417949,0.302340416,0.137795386,2.405745923,2.9,1.40274841691734,0.3312829307044
"404","Phenacobius mirabilis",12,4.756886544,0.558431964,0.373708216,0.284658877,0.423618878880007,0.603279306,0.226709386,0.174021911,2.451021348,2.9,0.606064423338797,0.0733942214236794
"405","Philypnodon grandiceps",12,5.898038854,0.615209105,0.584814692,0.556163697,0.589157558,0.716695462,0.651464595,0.190185774621113,2.382077808,3.75,2.97801206536571,2.50908202607293
"406","Phoxinus phoxinus",14,4.854359173,0.453321275,0.46132951,0.257509475,0.386550293,0.530481051,0.262041559,0.151901614,2.332147296,3.2,0.400088728395169,-0.569420023037127
"407","Piaractus mesopotamicus",40.5,1.888372838,0.585049151,0.267820245,0.605192872,0.366959883,0.319446367,0.287096413,0.178101549,3.609049769,2,-4.08307705541501,0.346395557626262
"408","Pimelodus maculatus",51,3.475922695,0.586058723,0.278777709,0.381957103,0.255517703,0.483357093,0.264335239,0.183944643,2.584526744,2.87,-0.921032171300302,-0.502252255865164
"409","Pimelodus mysteriosus",14.3,3.541743663,0.482508622,0.36288069,0.287797745,0.282395266,0.485584893,0.184019744,0.246808143,2.297624045,3.2,-1.36281553458372,0.0799033574970224
"410","Pimelodus ornatus",38.5,4.645097729,0.463630609,0.409653846,0.131004194,0.269538462,0.617235103,0.095877186,0.172069554,3.459891892,3.3,-0.0379722355244449,-1.58525508775834
"411","Pimephales notatus",11,4.549617512,0.529953917,0.458908922,0.354958525,0.349098526,0.534582949,0.216785714,0.126774216,2.750049938,2.66,0.220635673162183,-0.129863024980533
"412","Pimephales promelas",10.1,4.419253879,0.499082302,0.516243507,0.397517777,0.32945194,0.613863701,0.194594175,0.163325407,2.395224609,2.42,0.0606879768024789,0.622686762144963
"413","Pimephales vigilax",9.2,4.293308881,0.607769556,0.487987952,0.456046247,0.386012048,0.586568293,0.282704716,0.183721189,2.600928261,2.6,0.320642988235617,1.39556582144352
"414","Pinirampus pirinampu",120,4.167708769,0.516623425,0.132421312,0.373729492,0.35884918,0.418375817,0.226115101,0.240982705,2.684394001,4.5,-0.536260145832196,-2.10790836691443
"415","Plagioscion squamosissimus",80,3.203027476,0.567241063,0.248132678,0.431235432,0.803237876,0.492967342,0.409425272,0.229748812,2.244233396,4.35,-0.580923236847077,-0.327965484259773
"416","Platichthys flesus",60,2.239534821,0.610478062,0.320122103,0.51860754,0.395850984,0.30865788,0.464029012,0.137147459,2.357198818,3.32,-2.14988028345769,-0.111215711620495
"417","Platygobio gracilis",32,4.547991648,0.595280425,0.349117641,0.488371612,0.082840745,0.480877762,0.290223885,0.187584091,2.224203397,4.17,0.736163525475614,-0.358298817252255
"418","Plecoglossus altivelis",70,4.970706815,0.5077998,0.331949161,0.399687572,0.992565723,0.582101876,0.191418408,0.146319714,2.648157856,2.78,0.399936221312042,-1.36692430476425
"419","Poecilia reticulata",6,3.86705408,0.659657349,0.584171753,0.807199679,0.36811734,0.548578675,0.45266202,0.149295456,1.692986634,3.2,0.961578668876093,2.79688116592104
"420","Polyodon spathula",221,6.777881589,0.56573728,0.388798331,0.180349298,0.536784682,0.37708989,0.221438172,0.109281629,4.379741505,3.4,1.09610934050796,-3.39294593593731
"421","Polypterus endlicherii",63,7.101537865,0.359830535,0.402841894,0.256231613,1.264282658,0.391133933,0.291146265,0.133140943356452,1.446052794,3.77,1.37249275516968,-2.78534357968102
"422","Pomoxis annularis",53,2.66638235,0.459940079,0.437037037,0.448093767,0.5383,0.483815476,0.294835359,0.218336949,2.588013511,4.39,-1.69723231818182,-0.232471907080671
"423","Pomoxis nigromaculatus",49,2.141887124,0.518641217,0.344596161,0.502919306,0.633842782,0.439424956,0.335282932,0.207328124,2.499158356,3.81,-2.53980052397951,0.160395708372729
"424","Ponticola kessleri",22,5.302394904,0.782304661,0.301847685,0.59088589,0.690066135,0.748637171,0.644643623,0.19522075,2.441021584,3.47,2.99852001348555,2.34996884712848
"425","Prochilodus lineatus",80,2.828849779,0.426769483,0.298327306,0.327516028,0.345203998,0.416240765,0.209993334,0.185833916,2.844715051,2.18,-2.88266164670904,-1.28788133149351
"426","Prosopium williamsoni",70,4.583854105,0.551628096,0.435587499,0.339090394,0.376269815,0.449841494,0.30261657,0.117593535,3.534597133,3.66,0.383312873641278,-1.55493489217386
"427","Proterorhinus semilunaris",9,4.820905351,0.724972731,0.349765636,0.476977486,0.552976379,0.757464735,0.571883397,0.222763531,2.042634775,3.3,2.31371877276463,2.77670965168685
"428","Pseudomugil signifer",7,3.876659906,0.518817624,0.732767857,0.644360219,0.511410714,0.513917057,0.615048593,0.200663782,2.772148541,2.86,0.0296433546318445,3.12485524447243
"429","Pseudoplatystoma corruscans",166,5.702070183,0.557016508,0.204420998,0.299215207,0.711140705,0.461477128,0.296676645,0.124615156,1.976140292,4.5,1.68007786758858,-2.9788194877421
"430","Pseudorasbora parva",12.5,4.215011163,0.496265565,0.4223579,0.510742615,0.277717671,0.515789975,0.255900356,0.150239916,2.273507293,3.06,-0.0348792471805274,0.107089415341626
"431","Pterodoras granulosus",70,3.932265822,0.570973785,0.194019218,0.426367871,0.411622763,0.345742966,0.301547976,0.184013944,3.128756315,2.55,-1.25210194679171,-1.21474112472416
"432","Pterygoplichthys ambrosettii",50,4.283524904,0.632183908,0.144444444,0,0,0.689655172,0,0.256452594,2.035914286,2.93399529779397,-0.0370425272297218,-1.15056753628167
"433","Ptychocheilus oregonensis",63,4.717848815,0.55186264,0.485930127,0.439830375,0.779116278,0.531132522,0.311312769,0.148915886,2.650891211,4.21,1.05747898785763,-0.793703340412531
"434","Pungitius pungitius",9,5.04464615,0.507155518,0.547368421,0.518242705,0.427452632,0.565065845,0.474768323,0.155576596,6.947578947,3.32,0.333506332045437,0.810881582254908
"435","Pungitius sinensis",9,5.736225204,0.430843613,0.587860135,0.340156342,0.482516817,0.569626316,0.375599837,0.178366959,6.121077912,3.5,0.509765800161576,0.147125012347819
"436","Pungitius tymensis",7,4.771555706,0.479554498,0.48926179,0.390152053,0.557208739,0.527692909,0.483568992,0.185057052950853,3.477369473,3.4,0.501143297495974,0.951117368359659
"437","Pylodictis olivaris",155,5.056725809,0.611500816,0.291049242,0.413166319,0.346359848,0.540694424,0.318137226,0.15538586,2.055963225,3.78,1.32945559949406,-1.44413918029292
"438","Raiamas nigeriensis",11.1,3.944408641,0.594080439,0.468130124,0.571356964,0.6966411,0.451247166,0.269447428,0.171197149,2.752050799,3.3,-0.18071980740151,0.765499589191796
"439","Raiamas senegalensis",24.5,4.552228283,0.652615434,0.448011971,0.537125682,0.772424113,0.57862382,0.245414177,0.174530071,3.614775261,3.4,0.719647045705702,0.490808941291669
"440","Retropinna semoni",10,5.632208197,0.644816338,0.507198667,0.614536945,0.607021565,0.680683591,0.193050631,0.148141527,2.998392031,2.78999996185303,1.75857417298734,1.16468824782654
"441","Rhadinocentrus ornatus",6,3.904247406,0.435421117,0.496855142,0.553593226,0.484243289,0.588266707,0.516611993,0.204323242,2.387669774,2.98,-0.134036256793602,2.01126882014011
"442","Rhamdia quelen",47.4,4.453269619,0.595465505,0.262375713,0.349994274,0.275896287,0.516014724,0.350887767,0.148567904,1.815849912,3.92,0.983494720891259,-0.997040149365604
"443","Rhamphichthys hahni",27,9.101963491,0.614852134,0.161348803,0.320404431,0.893824027,0.456827358,0.385430829,0.149581694799862,0,3.2,3.41407816166019,-1.35786387588371
"444","Rhaphiodon vulpinus",80,5.364528172,0.713033317,0.337631262,0.863975115,0.875671259,0.664698482,0.333604095,0.199156718,2.732640924,4.5,2.357183761083,0.617251031553232
"445","Rhinichthys atratulus",12.4,5.437357579,0.571343077,0.452439846,0.344501988,0.397283022,0.588317285,0.36548126,0.171886715,2.019528178,3.05,1.4722187194257,0.619840251897251
"446","Rhinichthys cataractae",22.5,4.932028455,0.638211382,0.27603937,0.325227642,0.476622047,0.516260163,0.353682927,0.202798367,2.297395749,3.2,0.862013426323199,0.0823338485536137
"447","Rhinichthys cobitis",6,4.645239339,0.538162272,0.371885755,0.274806852,0.462217254,0.467364109,0.343515438,0.177896681,2.550329871,3,0.20741348204455,0.329299479598052
"448","Rhinichthys obtusus",8.8,4.646685036,0.483390035,0.400876725,0.208063881,0.393683087,0.500295226,0.267277737,0.177196788,2.149467449,3.13,0.138548474941974,-0.246041695920249
"449","Rhinichthys osculus",11,4.540828476,0.540867386,0.448538764,0.268593241,0.266308863,0.529237127,0.322954685,0.203140183,2.461444101,2.93,0.182401856218303,0.592138185620387
"450","Rhinodoras dorbignyi",50,4.089613542,0.521251924,0.188224764,0.062368598,0.312922708354361,0.544844702,0.245887249,0.245107522,2.76543229663468,2.7,-0.876385814722138,-1.0617856698022
"451","Rhodeus amarus",11.2,2.460751434,0.460064888,0.509007617,0.384101293,0.378283554,0.3342143,0.250959949,0.135593304,2.319255319,2.95,-2.58621312246774,0.0056427032414159
"452","Rhodeus sericeus",11,2.746430983,0.506974342,0.449856821,0.420093153,0.37689776,0.397029074,0.296229468,0.170444543,2.316537397,2.11,-2.31222967876432,0.804676101749296
"453","Rhynchocypris lagowskii",24,4.766317704,0.583910904,0.544445503,0.480404626,0.546345593,0.498059597,0.301134332,0.160565939,2.146628682,3.5,0.896405753100334,0.299774559979002
"454","Richardsonius balteatus",18,3.696498403,0.498412141,0.544980226,0.492022364,0.517008198,0.498444089,0.204498403,0.163355529,3.20514474,3.41000008583069,-0.686358737496294,0.106482276780172
"455","Roeboides descalvadensis",9,2.656548351,0.504732997,0.442588346,0.53883644,0.492445489,0.453558901,0.167424225,0.164694479,3.967018306,3.33,-2.2175536955338,0.367085950863541
"456","Rutilus rutilus",50.2,3.218972304,0.455062235,0.431532266,0.379343846,0.344102056,0.417817861,0.250272659,0.161840208,3.213864568,2.96,-1.80923831886947,-0.944097857982134
"457","Salaria fluviatilis",15.4,4.696455446,0.730257426,0.255084507,0.345336634,0.543676056,0.702970297,0.582831683,0.189361263,2.399029522,3.5,2.18322729909325,1.55272468964722
"458","Salminus brasiliensis",100,3.525181427,0.657023123,0.201008239,0.588380768,1.007711704,0.46222668,0.198717076,0.15254013,3.119617594,3.79,-0.408797398676204,-1.28212952518296
"459","Salmo salar",150,3.956530893,0.467510023,0.20859375,0.424334804,0.81703125,0.421093263,0.244620095,0.124212585,3.076443168,4.5,-0.328301515338809,-3.00198043745205
"460","Salmo trutta",140,4.174222302,0.605609036,0.304057662,0.520692859,0.874308435,0.463962026,0.25498346,0.141035041,2.274147539,3.36,0.154586941053601,-1.38099644936935
"461","Salvelinus alpinus",107,4.256032317,0.640026718,0.271921287,0.54224371,0.747663551,0.477158943,0.324259677,0.168286183,2.865442308,4.39,0.677072856081526,-1.08708474145568
"462","Salvelinus confluentus",103,4.751996437,0.542076294,0.358564628,0.474801947,1.013808079,0.571426299,0.231077599,0.140606588,2.636038268,3.72,0.8183401542191,-1.43525046427876
"463","Salvelinus fontinalis",86,3.471882099,0.6354576,0.320154569,0.56764812,0.937220636,0.438863261,0.277230417,0.153272033,2.280604817,3.31,-0.476864590225859,-0.588859313520263
"464","Salvelinus leucomaenis",120,5.370258302,0.575532433,0.345898526,0.534689525,1.023295724,0.539968655,0.254158652,0.129873258,2.768748627,4.35,1.57398664900303,-1.75000759593259
"465","Sander canadensis",76,5.08365374,0.491267055,0.347475989,0.342916634,0.812139047,0.53014187,0.252316637,0.14582914,2.781518148,4.06,0.856911650185009,-1.91316402700065
"466","Sander lucioperca",100,4.436274074,0.388211694,0.493332767,0.228995964,0.653749788,0.380940055,0.34755846,0.146019498,3.388258784,4.04,-0.424911380943731,-2.26000793040943
"467","Sander vitreus",107,4.535254447,0.514283368,0.404434821,0.346393314,0.744350786,0.485716632,0.417830685,0.140581441,2.900798477,4.47,0.833058502263797,-1.56321909743539
"468","Sarmarutilus rubilio",25,3.441458967,0.537126999,0.481140673,0.463005154,0.357998127,0.417634465,0.263480904,0.187417632,2.241986673,2.84,-1.18822789328376,0.318405073679533
"469","Sarotherodon galilaeus",41,2.026456221,0.570146872,0.277301603,0.41552066,0.196892541,0.479645961,0.395698647,0.340580373,2.236462026,2.35000000635783,-3.57402554377955,1.99539733295991
"470","Satanoperca pappaterra",27,2.46518696,0.675117891,0.262648864,0.296835658,0.367425205,0.727102329,0.3483284,0.322676508,2.162893318,2.77,-1.46881524185607,2.39762326412266
"471","Scaphirhynchus platorynchus",108,12.1152202,0.697987161,0.299085821,0.159404118,0.865741492407574,0.776732795,0.391264654,0.139736973,4.861384615,3.5,4.96674991334051,-1.70484834214881
"472","Scardinius erythrophthalmus",51,3.005719096,0.517721457,0.443946643,0.511645125,0.342106838,0.442462444,0.292714738,0.179402632,3.098780467,2.89,-1.7583882486714,-0.0241359154508583
"473","Schilbe intermedius",60,4.310122264,0.616508377,0.417352722,0.675550406,0.499243415,0.422250138,0.35772842,0.17175585,3.028044792,3.6,0.212886785330468,-0.0298024537099071
"474","Schilbe mandibularis",50,3.929389776,0.396023576,0.383648847,0.396023576,0.448706839,0.441556721,0.299607803,0.17770333,2.837652163,3.44,-0.99618109412168,-1.24167517061823
"475","Schilbe mystus",40,3.269593316,0.513240665,0.246206739,0.549358521,0.433229841,0.363339133,0.41118398,0.150814118,2.419046512,3.45,-1.12543339952859,-0.716284947144533
"476","Schizodon altoparanae",32.2,3.870181762,0.470198591,0.427360808,0.393286789,0.245594811,0.414795053,0.266384592,0.154091706,2.091749933,2.5,-1.01421423955839,-0.619311176050821
"477","Schizodon borellii",36,3.519467467,0.48774165,0.578426641,0.589692946,0.229172539,0.392511947,0.241318143,0.167484538,2.53956905,2.4,-1.52441937131422,0.23650593155113
"478","Schizodon nasutus",40.2,4.019619355,0.406451613,0.369863014,0.309677419,0.091890411,0.470967742,0.232258065,0.158670136,1.913574592,2.83,-0.860399498735824,-1.31285486522192
"479","Semotilus atromaculatus",30.3,4.114935411,0.509366999,0.218166096,0.289871763,0.469134933,0.565369809,0.266353769,0.160649081,2.205653534,4.02,0.342085141517201,-1.29743938525147
"480","Semotilus corporalis",51,4.432696853,0.698214922,0.219733612,0.469087498,0.511049879,0.64730802,0.20755849,0.16461355,3.347581302,3.41,0.934495317408,-0.461890165574812
"481","Semotilus thoreauianus",15,3.694351671,0.582093982,0.369296712,0.46402688,0.483826478,0.562040556,0.270935932,0.136698582,2.028764761,3.5,0.266177317360262,0.160551735270868
"482","Serrasalmus maculatus",26.4,1.829069919,0.513380661,0.266448266,0.500466166,0.449619335,0.433686117,0.195229234,0.184373631,4.23328215,4.07,-3.46773141722181,-0.421139758086071
"483","Serrasalmus marginatus",27.1,1.798409533,0.51551737,0.354408877,0.495459756,0.542384058,0.36270306,0.2688614,0.205093815,4.130567948,3.55,-3.91104963849263,0.18581850384828
"484","Silurus glanis",500,5.83994642,0.57179471,0.210233364,0.526157027,0.379009648,0.511623001,0.423543433,0.106003825,2.200067986,4.36,2.12314417930373,-2.76225018563994
"485","Sorubim lima",54.2,6.101036923,0.386002552,0.337696371,0.367801368,0.887337239,0.501913519,0.25785667,0.121197145,2.831623679,4.09999990463257,1.16525914632183,-2.56532193840537
"486","Squalius cephalus",85,3.572677392,0.608186863,0.359761796,0.532037571,0.46206342,0.356574909,0.344020273,0.172295685,2.6003,2.73,-1.03983240075318,-0.387606122621994
"487","Steindachnerina brevipinna",20.5,3.122561461,0.520992237,0.512127551,0.448291229,0.324005399,0.424316925,0.201002115,0.149365069,2.325704707,3.0710184228397,-1.36156514982266,-0.0275521133065325
"488","Steindachnerina insculpta",16.1,3.142344857,0.463836883,0.461775285,0.304521158,0.266470148,0.387343528,0.189185935,0.167905425,2.181045686,2.07999992370605,-2.18696296529081,-0.182266599431891
"489","Synodontis bastiani",20.2,4.243451957,0.534472454,0.347565374,0.097907033,0.21862343,0.477922984,0.286027239,0.25303896,2.211991898,2.9,-0.59320889320109,-0.0638408879989964
"490","Synodontis comoensis",22,3.570442363,0.467893441,0.403943413,0.08594014,0.230758876,0.474862342,0.17835912,0.190175099973523,2.83416148297735,2.9,-1.39566706796796,-0.92847172689387
"491","Synodontis koensis",15,3.735016986,0.622569066,0.327000316,0.331145439,0.391689589,0.526645728,0.238523172,0.272116012,3.104019025,2.9,-0.888861026557652,0.980476011258463
"492","Synodontis ocellifer",49,2.932468908,0.43788391,0.358944358,0.125690991,0.193547556674812,0.441442075,0.131840953,0.297989924,3.5,3.12,-3.00096458987325,-0.757088753737817
"493","Synodontis punctifer",26,3.715355039,0.509989458,0.330372148,0.208226291,0.284139198652217,0.443573892,0.174030821,0.239712618,3.155560347,2.9,-1.56659369262277,-0.59784212475184
"494","Synodontis schall",49,3.752784051,0.59352989,0.3455614,0.145275976,0.345612645819861,0.565283179,0.178670635,0.238794689,2.287572471,2.92,-0.653160639530952,-0.315787725218947
"495","Tandanus tandanus",90,4.512010639,0.573341784,0.288607032,0.296681489,0.171647667,0.606994431,0.316900091,0.174381494,2.984844869,3.31,0.558337981571746,-1.01042112643792
"496","Telestes souffia",25,4.824742268,0.580587629,0.4,0.49956701,0.476683333,0.618556701,0.216412371,0.158638889,2.966597256,3.37,0.926235459848146,-0.0900142498555465
"497","Thymallus thymallus",60,4.758397322,0.62623673,0.432042983,0.469727328,0.5407018,0.429672819,0.314898013,0.161065146,3.632745098,3.14000010490417,0.284044956102907,-0.521854642933525
"498","Tinca tinca",70,2.824172996,0.519115068,0.209968823,0.434014665,0.355218766,0.46285427,0.247651987,0.193467696,1.720606732,3.69,-1.54056713757207,-1.00066861080921
"499","Trachelyopterus galeatus",30,3.455165478,0.63024002,0.247337803,0.651756746,0.251033581,0.46489606,0.427540632,0.181330835,1.994603011,3.14,-0.328747979532696,0.689555595649932
"500","Trachydoras paraguayensis",19.2,2.679812852,0.529425073,0.441441441,0.203618067,0.103113281760177,0.502257898,0.190043529,0.359790897,2.509090909,2.66,-2.90985584010109,1.59460796679579
"501","Pseudaspius hakonensis",50,4.790895678,0.510870514,0.333163906,0.355582749,0.53662588,0.510629655,0.197203757,0.155472226,2.599954037,3.5,0.337540609483668,-1.51946962474861
"502","Pseudaspius sachalinensis",43,4.132424921,0.507997803,0.454438887,0.327028556,0.373054079,0.524550918,0.266669946,0.149792872,2.537822144,3.5,0.0693741994125112,-0.824805930234338
"503","Trinectes maculatus",20,4.15424696924993,0.55330096505324,0.404589770064177,0.398306441856777,0.421981090903387,0.551990525022391,0.321716883587351,0.191299038985987,1.983679525,2.9,0.0936631393588746,0.523141038314887
"504","Umbra limi",14,4.190592275,0.505221803,0.51628033,0.434617939,0.461855577,0.547628637,0.240270064,0.163310351,1.796131531,3.67,0.384454928032703,0.225486266397935
"505","Umbra pygmaea",15,4.533810826,0.542937929,0.475484274,0.325041321,0.577858779,0.499080013,0.225038203,0.135768643,1.515763655,3.25,0.595582466150544,-0.312864166314478
"506","Vimba vimba",50,4.089883795,0.510610412,0.434572849,0.351354059,0.259244415,0.562368518,0.247094868,0.123957226,2.716937145,3.27,0.119796381816365,-1.01691746895639
"507","Xiphophorus hellerii",16,3.213691163,0.434407464,0.545886497,0.517121066,0.253228063,0.460394826,0.367981308,0.198148828,1.875721102,3.19,-1.26932809150438,0.94306549765951
"508","Xiphophorus maculatus",6,2.350307202,0.514655981,0.509133976,0.56991144,0.30418792,0.41346706,0.396409296,0.197264126676046,1.781851079,3.2,-2.11679221565755,2.00973149788104
"509","Zingel asper",22,5.920572902,0.579225754,0.400798273,0.180751608,0.262779224,0.635329713,0.54764211,0.185086397,3.12319119,3.26999998092651,1.9791012997045,0.398115410341256
