"","Site","Country","HydroBasin","total_bincount","mean_ts_fill","cooccur.TF"
"1","G10003","SWE",2080030160,256,0.727272727272727,0
"2","G10008","SWE",2080030340,25,0.714285714285714,0
"3","G10016","SWE",2080030160,289,0.739130434782609,0
"4","G10019","SWE",2080032990,81,1,0
"5","G10021","FIN",2080030100,144,0.8,1
"6","G10024","SWE",2080030160,225,0.75,0
"7","G10026","FIN",2080030100,144,0.8,0
"8","G10027","SWE",2080030220,36,0.428571428571429,0
"9","G10029","SWE",2080030160,100,0.588235294117647,0
"10","G10030","SWE",2080030220,49,0.4375,0
"11","G10036","SWE",2080030220,64,0.444444444444444,0
"12","G10037","SWE",2080030220,49,0.5,0
"13","G10038","SWE",2080030160,225,0.681818181818182,0
"14","G10039","SWE",2080032980,81,0.9,0
"15","G10040","SWE",2080030220,100,0.555555555555556,0
"16","G10043","SWE",2080030220,100,0.555555555555556,0
"17","G10045","FIN",2080030100,64,0.727272727272727,0
"18","G10046","SWE",2080030220,144,0.666666666666667,0
"19","G10049","SWE",2080032500,196,0.875,0
"20","G10050","SWE",2080030220,81,0.5625,0
"21","G10053","SWE",2080030220,25,0.625,0
"22","G10055","SWE",2080030340,25,0.714285714285714,0
"23","G10056","SWE",2080030340,25,0.714285714285714,0
"24","G10057","SWE",2080030340,25,0.714285714285714,0
"25","G10058","SWE",2080030220,81,0.642857142857143,0
"26","G10061","SWE",2080030220,81,0.5625,0
"27","G10062","SWE",2080030220,64,0.5,0
"28","G10064","SWE",2080030160,169,0.684210526315789,0
"29","G10068","SWE",2080030160,289,0.739130434782609,0
"30","G10069","SWE",2080030220,49,0.636363636363636,0
"31","G1007","USA",7080047060,64,0.727272727272727,0
"32","G10074","SWE",2080030220,100,0.526315789473684,0
"33","G10076","SWE",2080032990,324,0.947368421052632,0
"34","G10078","SWE",2080030160,225,0.652173913043478,0
"35","G10079","SWE",2080030160,81,0.75,0
"36","G1008","USA",7080047060,225,0.833333333333333,0
"37","G10081","SWE",2080030160,529,0.766666666666667,0
"38","G10082","SWE",2080030100,100,0.666666666666667,1
"39","G10086","SWE",2080030160,169,0.65,0
"40","G10088","SWE",2080030160,225,0.652173913043478,0
"41","G10092","SWE",2080030260,100,0.769230769230769,0
"42","G10093","SWE",2080030260,100,0.769230769230769,0
"43","G10094","SWE",2080030260,100,0.769230769230769,0
"44","G10103","SWE",2080030100,64,0.727272727272727,0
"45","G10104","SWE",2080030160,144,0.631578947368421,0
"46","G10105","SWE",2080030160,225,0.625,0
"47","G10106","SWE",2080032650,100,0.625,0
"48","G10107","SWE",2080030160,64,0.615384615384615,0
"49","G10109","SWE",2080032990,529,0.851851851851852,0
"50","G10114","FIN",2080030100,64,0.8,0
"51","G10116","FIN",2080030100,49,0.777777777777778,0
"52","G10119","SWE",2080032650,196,0.875,0
"53","G1012","USA",7080047060,500,0.944444444444444,0
"54","G10120","SWE",2080032990,729,0.931034482758621,0
"55","G10124","FIN",2080030100,25,0.833333333333333,0
"56","G10125","SWE",2080030160,292,0.556850556850557,0
"57","G1013","USA",7080047060,425,0.807952069716776,0
"58","G10130","SWE",2080030160,289,0.653846153846154,0
"59","G10131","SWE",2080032670,169,0.8125,0
"60","G10135","SWE",2080030100,256,0.64,0
"61","G10137","SWE",2080030100,441,0.67741935483871,0
"62","G10139","SWE",2080030160,324,0.782608695652174,0
"63","G1014","USA",7080047060,544,0.832080200501253,0
"64","G10143","SWE",2080030100,169,0.684210526315789,0
"65","G10145","SWE",2080030100,281,0.538892480068951,0
"66","G10149","SWE",2080030100,225,0.6,0
"67","G1015","USA",7080047060,464,0.83265306122449,0
"68","G10154","SWE",2080030160,25,0.5,0
"69","G10156","SWE",2080030160,25,0.5,0
"70","G10159","SWE",2080030160,36,0.666666666666667,0
"71","G1016","USA",7080047060,410,0.798931623931624,0
"72","G10164","SWE",2080030160,324,0.75,0
"73","G10167","SWE",2080030160,121,0.611111111111111,0
"74","G10168","SWE",2080030100,281,0.557647058823529,0
"75","G1017","USA",7080047060,361,0.95,0
"76","G10170","SWE",2080030160,225,0.625,0
"77","G10172","SWE",2080030160,361,0.826086956521739,0
"78","G10173","SWE",2080030160,265,0.558260869565217,0
"79","G10175","SWE",2080030100,149,0.549793601651187,0
"80","G10179","SWE",2080030160,242,0.543529411764706,0
"81","G10180","SWE",2080030160,144,0.666666666666667,0
"82","G10181","SWE",2080030160,125,0.572649572649573,0
"83","G10184","SWE",2080030160,170,0.703460038986355,0
"84","G10186","SWE",2080030160,170,0.703460038986355,0
"85","G10188","FIN",2080030100,36,0.666666666666667,0
"86","G10189","SWE",2080030100,242,0.514130434782609,0
"87","G1019","USA",7080047060,81,0.818181818181818,0
"88","G10191","SWE",2080030160,208,0.625454545454545,0
"89","G1020","USA",7080047060,544,0.90625,0
"90","G10200","SWE",2080030160,202,0.641471571906355,0
"91","G10203","SWE",2080030100,225,0.504545454545455,0
"92","G10206","SWE",2080030100,269,0.493383742911153,0
"93","G1021","USA",7080047060,481,0.875862068965517,0
"94","G1022","USA",7080047060,611,0.846590909090909,0
"95","G10222","SWE",2080033010,100,0.833333333333333,0
"96","G10224","SWE",2080030100,49,0.7,0
"97","G1023","USA",7080047060,596,0.891640866873065,0
"98","G10232","SWE",2080030100,196,0.777777777777778,0
"99","G10233","SWE",2080030100,196,0.736842105263158,0
"100","G10234","SWE",2080030100,225,0.789473684210526,0
"101","G10239","SWE",2080030100,361,0.904761904761905,0
"102","G1024","USA",7080047060,642,0.780291005291005,0
"103","G10240","SWE",2080030100,400,0.909090909090909,0
"104","G10241","SWE",2080030100,529,0.92,0
"105","G10242","SWE",2080030100,361,0.863636363636364,0
"106","G10244","SWE",2080030100,361,0.863636363636364,0
"107","G10245","SWE",2080030100,400,0.869565217391304,0
"108","G10246","SWE",2080030100,400,0.869565217391304,0
"109","G10247","SWE",2080030100,400,0.869565217391304,0
"110","G1025","USA",7080047060,500,0.862745098039216,0
"111","G10250","SWE",2080032350,169,0.65,0
"112","G10253","SWE",2080032670,25,0.833333333333333,0
"113","G10255","SWE",2080033010,49,0.583333333333333,0
"114","G10258","SWE",2080033010,256,0.842105263157895,0
"115","G10259","SWE",2080033010,149,0.543859649122807,0
"116","G1026","USA",7080047060,596,0.899324435656616,0
"117","G10261","SWE",2080033010,100,0.666666666666667,0
"118","G10262","SWE",2080033020,324,0.75,0
"119","G10264","SWE",2080032680,49,0.538461538461538,0
"120","G10266","SWE",2080033020,169,0.8125,0
"121","G10267","SWE",2080033010,256,0.842105263157895,0
"122","G10269","SWE",2080033020,400,0.833333333333333,0
"123","G1027","USA",7080047060,485,0.755590814414344,0
"124","G10272","SWE",2080033020,169,0.866666666666667,0
"125","G10275","SWE",2080033020,324,0.692307692307692,0
"126","G10276","SWE",2080033020,121,0.846153846153846,0
"127","G10277","SWE",2080033010,170,0.563413742690059,0
"128","G1028","USA",7080047060,596,0.891640866873065,0
"129","G10282","SWE",2080033020,225,0.789473684210526,0
"130","G10283","SWE",2080033010,36,0.545454545454545,0
"131","G10284","SWE",2080033020,100,0.833333333333333,0
"132","G10285","SWE",2080033010,121,0.733333333333333,0
"133","G10286","SWE",2080033020,49,1,0
"134","G1029","USA",7080047060,500,0.851851851851852,0
"135","G10291","SWE",2080033020,289,0.772727272727273,0
"136","G10292","SWE",2080033020,196,0.823529411764706,0
"137","G10293","SWE",2080032680,169,0.590909090909091,0
"138","G10297","SWE",2080032680,256,0.727272727272727,0
"139","G103","HUN",2080008490,25,0.714285714285714,0
"140","G1030","USA",7080047060,585,0.816483516483516,0
"141","G10300","SWE",2080033020,289,0.894736842105263,0
"142","G10302","SWE",2080033010,81,0.692307692307692,0
"143","G10307","SWE",2080033020,324,0.9,0
"144","G10308","SWE",2080033090,121,0.785714285714286,0
"145","G1031","USA",7080047060,436,0.884615384615385,0
"146","G10310","SWE",2080033010,121,0.6875,0
"147","G10311","SWE",2080033090,144,0.8,0
"148","G10312","SWE",2080032600,25,0.833333333333333,0
"149","G10313","SWE",2080033020,441,0.84,0
"150","G10319","SWE",2080033020,1024,0.744186046511628,0
"151","G1032","USA",7080047060,557,0.896345811051693,0
"152","G10322","SWE",2080033020,729,0.613636363636364,0
"153","G10326","SWE",2080033020,49,0.538461538461538,0
"154","G10328","SWE",2080033020,225,0.833333333333333,0
"155","G10329","SWE",2080033080,196,0.777777777777778,0
"156","G1033","USA",7080047060,706,0.86228354978355,0
"157","G10330","SWE",2080033020,324,0.857142857142857,0
"158","G10334","SWE",2080033020,225,0.652173913043478,0
"159","G10335","SWE",2080033080,100,0.833333333333333,0
"160","G10336","SWE",2080033020,64,0.727272727272727,0
"161","G10337","SWE",2080033020,361,0.863636363636364,0
"162","G1034","USA",7080047060,522,0.835,0
"163","G10342","SWE",2080033020,196,0.823529411764706,0
"164","G10343","SWE",2080033090,64,0.727272727272727,0
"165","G10345","SWE",2080033020,256,0.695652173913043,0
"166","G10347","SWE",2080033020,121,0.611111111111111,0
"167","G1035","USA",7080047060,562,0.855263157894737,0
"168","G10350","SWE",2080033080,256,0.8,0
"169","G10352","SWE",2080033080,400,0.833333333333333,0
"170","G10353","SWE",2080033080,289,0.85,0
"171","G10355","SWE",2080033080,196,0.56,0
"172","G10358","SWE",2080033080,169,0.8125,0
"173","G10359","SWE",2080033080,256,0.695652173913043,0
"174","G1036","USA",7080047060,505,0.908045977011494,0
"175","G10361","SWE",2080033080,281,0.486498814085021,0
"176","G10362","SWE",2080033090,250,0.71875,0
"177","G10363","SWE",2080033020,441,0.875,0
"178","G10365","SWE",2080033090,144,0.705882352941177,0
"179","G10367","SWE",2080033080,256,0.842105263157895,0
"180","G1037","USA",7080047060,562,0.855263157894737,0
"181","G10371","SWE",2080032670,64,0.615384615384615,0
"182","G10373","SWE",2080033090,36,0.857142857142857,0
"183","G10375","SWE",2080033080,194,0.692564745196324,0
"184","G1038","USA",7080047060,502,0.829594017094017,0
"185","G10380","SWE",2080033090,169,0.590181660899654,0
"186","G10382","SWE",2080032670,64,0.533333333333333,0
"187","G10384","SWE",2080033090,289,0.62962962962963,0
"188","G10385","SWE",2080032490,64,0.533333333333333,0
"189","G10388","SWE",2080032600,25,0.333333333333333,0
"190","G1039","USA",7080047060,544,0.875,0
"191","G10391","SWE",2080033010,64,0.888888888888889,0
"192","G10394","SWE",2080033090,130,0.559561965811966,0
"193","G10395","SWE",2080033090,221,0.592442645074224,0
"194","G10397","SWE",2080033090,121,0.6875,0
"195","G1040","USA",7080047060,481,0.875862068965517,0
"196","G10404","SWE",2080032280,25,0.714285714285714,0
"197","G10406","SWE",2080032280,125,0.580357142857143,0
"198","G10409","SWE",2080033090,64,0.666666666666667,0
"199","G1041","USA",7080047060,569,0.947474747474747,0
"200","G10410","SWE",2080032280,49,0.583333333333333,0
"201","G10416","SWE",2080033080,36,0.75,0
"202","G1042","USA",7080047060,656,0.929824561403509,0
"203","G10420","SWE",2080033080,36,0.75,0
"204","G10423","SWE",2080032280,49,0.7,0
"205","G10426","SWE",2080032280,98,0.680555555555556,0
"206","G10427","SWE",2080033080,36,0.5,0
"207","G1043","USA",7080047060,481,0.85395537525355,0
"208","G10431","SWE",2080032280,145,0.680241327300151,0
"209","G10438","SWE",2080033120,61,0.424793388429752,0
"210","G1044","USA",7080047060,580,0.91984864121087,0
"211","G10444","SWE",2080033120,169,0.590909090909091,0
"212","G10446","SWE",2080033120,196,0.56,0
"213","G10449","SWE",2080032280,36,1,0
"214","G1045","USA",7080047060,425,0.919191919191919,0
"215","G10452","SWE",2080033130,441,0.7,0
"216","G10453","SWE",2080032680,100,0.37037037037037,0
"217","G10455","SWE",2080033120,169,0.590909090909091,0
"218","G1046","USA",7080047060,625,0.892857142857143,0
"219","G10462","SWE",2080033010,64,0.888888888888889,0
"220","G10464","SWE",2080033120,490,0.536151960784314,0
"221","G10465","SWE",2080033120,25,1,0
"222","G10468","SWE",2080033080,225,0.9375,0
"223","G1047","USA",7080047060,513,0.793406593406593,0
"224","G10470","SWE",2080033130,256,0.592592592592593,0
"225","G10472","SWE",2080032600,81,0.642857142857143,0
"226","G10475","SWE",2080033010,64,0.888888888888889,0
"227","G10477","SWE",2080032600,64,0.888888888888889,0
"228","G10479","SWE",2080033120,324,0.9,0
"229","G1048","USA",7080047060,500,0.875,0
"230","G10481","SWE",2080033120,225,0.789473684210526,0
"231","G10483","SWE",2080032600,36,1,0
"232","G10485","SWE",2080033080,25,0.384615384615385,0
"233","G10486","SWE",2080033120,1089,0.868421052631579,0
"234","G10487","SWE",2080033120,25,1,0
"235","G1049","USA",7080047060,546,0.78858024691358,0
"236","G10490","SWE",2080032600,64,0.8,0
"237","G10494","SWE",2080032600,289,0.944444444444444,0
"238","G10497","SWE",2080032230,256,0.842105263157895,0
"239","G10498","SWE",2080032230,49,1,0
"240","G10499","SWE",2080032230,121,0.846153846153846,0
"241","G1050","USA",7080047060,625,0.882563551736484,0
"242","G10500","SWE",2080032600,100,1,0
"243","G10501","SWE",2080032230,100,0.909090909090909,0
"244","G10503","SWE",2080032230,36,1,0
"245","G10504","SWE",2080032230,100,0.769230769230769,0
"246","G10505","SWE",2080032230,64,1,0
"247","G10509","SWE",2080032230,324,0.9,0
"248","G1051","USA",7080047060,481,0.803819894563996,0
"249","G10512","SWE",2080033120,1156,0.85,0
"250","G10514","SWE",2080032600,196,0.875,0
"251","G10515","SWE",2080032230,81,0.45,0
"252","G10517","SWE",2080033120,324,0.9,0
"253","G1052","USA",7080047060,666,0.950980392156863,0
"254","G10520","SWE",2080033120,1156,0.85,0
"255","G10523","SWE",2080032230,64,1,0
"256","G10524","SWE",2080032230,36,1,0
"257","G10526","SWE",2080033080,49,0.368421052631579,0
"258","G10527","SWE",2080033120,169,0.866666666666667,0
"259","G1053","USA",7080047060,500,0.810359231411863,0
"260","G10534","SWE",2080032600,25,0.714285714285714,0
"261","G10535","SWE",2080033130,25,0.5,0
"262","G10538","SWE",2080033120,1681,0.872340425531915,0
"263","G1054","USA",7080047060,596,0.908496732026144,0
"264","G10540","SWE",2080033130,64,0.615384615384615,0
"265","G10543","SWE",2080033130,49,0.583333333333333,0
"266","G10544","SWE",2080033010,25,0.384615384615385,0
"267","G10545","SWE",2080033130,256,0.666666666666667,0
"268","G1055","USA",7080047060,637,0.929411764705882,0
"269","G10550","SWE",2080033130,169,0.590909090909091,0
"270","G10551","SWE",2080032680,121,0.578947368421053,0
"271","G10556","SWE",2080033120,576,0.857142857142857,0
"272","G1056","USA",7080047060,481,0.803819894563996,0
"273","G10561","SWE",2080033120,441,0.875,0
"274","G10562","SWE",2080033080,36,0.4,0
"275","G10567","SWE",2080032230,169,0.722222222222222,0
"276","G10568","SWE",2080033120,1089,0.868421052631579,0
"277","G1057","USA",7080047060,50,0.5,0
"278","G10571","SWE",2080033130,36,0.5,0
"279","G10575","SWE",2080033120,64,0.533333333333333,0
"280","G1058","USA",7080047060,450,0.745319495319495,0
"281","G10581","SWE",2080032230,36,0.857142857142857,0
"282","G10582","SWE",2080032230,64,0.888888888888889,0
"283","G10583","SWE",2080032230,49,0.875,0
"284","G10585","SWE",2080033120,961,0.861111111111111,0
"285","G1059","USA",7080047060,493,0.837011884550085,0
"286","G10590","SWE",2080032230,169,0.928571428571429,0
"287","G10591","SWE",2080032230,36,0.545454545454545,0
"288","G10595","SWE",2080033120,324,0.947368421052632,0
"289","G1060","USA",7080047060,569,0.893178893178893,0
"290","G10601","SWE",2080033190,169,0.590909090909091,0
"291","G10607","SWE",2080033190,484,0.666666666666667,0
"292","G1061","USA",7080047060,521,0.874654377880184,0
"293","G10610","SWE",2080033190,100,0.476190476190476,0
"294","G10618","SWE",2080033080,36,0.4,0
"295","G1062","USA",7080047060,581,0.775396825396825,0
"296","G10621","SWE",2080033190,64,0.571428571428571,0
"297","G10626","SWE",2080033190,169,0.619047619047619,0
"298","G1063","USA",7080047060,521,0.874654377880184,0
"299","G10630","SWE",2080033080,289,1,0
"300","G10631","SWE",2080033080,25,0.384615384615385,0
"301","G10639","SWE",2080033190,49,0.411764705882353,0
"302","G1064","USA",7080047060,569,0.846738057264373,0
"303","G10643","SWE",2080032680,169,0.464285714285714,0
"304","G1065","USA",7080047060,569,0.878448349036584,0
"305","G10653","SWE",2080033200,256,0.666666666666667,0
"306","G1066","USA",7080047060,569,0.846738057264373,0
"307","G10664","SWE",2080033190,25,0.714285714285714,0
"308","G10666","SWE",2080033190,25,0.833333333333333,0
"309","G10668","SWE",2080033190,36,0.666666666666667,0
"310","G1067","USA",7080047060,544,0.876488095238095,0
"311","G10670","SWE",2080033080,49,0.35,0
"312","G10671","SWE",2080033080,49,0.7,0
"313","G10672","SWE",2080056790,64,0.888888888888889,0
"314","G10677","SWE",2080033080,49,0.7,0
"315","G1068","USA",7080047060,521,0.874654377880184,0
"316","G10682","SWE",2080033080,25,0.384615384615385,0
"317","G10683","SWE",2080033080,100,0.434782608695652,0
"318","G10687","SWE",2080033190,289,0.653846153846154,0
"319","G10689","SWE",2080033190,121,0.647058823529412,0
"320","G1069","USA",7080047060,656,0.867724867724868,0
"321","G10691","SWE",2080032230,361,0.95,0
"322","G10692","SWE",2080033010,36,0.428571428571429,0
"323","G10694","SWE",2080033080,144,0.75,0
"324","G10696","SWE",2080032230,256,0.842105263157895,0
"325","G1070","USA",7080047060,482,0.861111111111111,0
"326","G10700","SWE",2080033010,289,0.894736842105263,0
"327","G10701","SWE",2080032410,49,0.777777777777778,0
"328","G10702","SWE",2080033190,64,1,0
"329","G10705","SWE",2080032230,64,0.727272727272727,0
"330","G10706","SWE",2080033010,25,0.454545454545455,0
"331","G1071","USA",7080047060,517,0.794593626924454,0
"332","G10711","SWE",2080033010,25,0.357142857142857,0
"333","G10717","SWE",2080033080,81,0.428571428571429,0
"334","G10719","SWE",2080033080,36,0.428571428571429,0
"335","G1072","USA",7080047060,569,0.918614718614719,0
"336","G10720","SWE",2080033190,169,0.866666666666667,0
"337","G10721","SWE",2080033080,81,0.818181818181818,0
"338","G10722","SWE",2080033080,64,0.533333333333333,0
"339","G10723","SWE",2080033080,625,0.925925925925926,0
"340","G10727","SWE",2080033010,81,0.5625,0
"341","G1073","USA",7080047060,610,0.893790849673203,0
"342","G10733","SWE",2080033190,144,0.461538461538462,0
"343","G10736","SWE",2080033190,36,0.5,0
"344","G10738","SWE",2080032230,64,0.533333333333333,1
"345","G10739","SWE",2080032230,169,0.481481481481481,0
"346","G1074","USA",7080047060,474,0.821149553571428,0
"347","G10740","SWE",2080033010,144,0.521739130434783,0
"348","G10741","SWE",2080033190,484,0.846153846153846,0
"349","G10744","SWE",2080033190,49,0.538461538461538,0
"350","G10752","SWE",2080033190,289,0.62962962962963,0
"351","G10761","SWE",2080033190,169,0.52,0
"352","G10762","SWE",2080032680,61,0.230519480519481,0
"353","G10764","SWE",2080033190,400,0.740740740740741,0
"354","G10775","SWE",2080033010,144,0.5,0
"355","G10777","SWE",2080033080,100,0.714285714285714,0
"356","G10783","SWE",2080033190,81,0.818181818181818,0
"357","G10785","SWE",2080033010,49,0.636363636363636,0
"358","G10786","SWE",2080032860,25,0.5,0
"359","G10788","SWE",2080033190,324,0.692307692307692,0
"360","G10789","SWE",2080033190,25,0.833333333333333,0
"361","G10790","SWE",2080033010,225,1,0
"362","G10792","SWE",2080033080,100,0.476190476190476,0
"363","G10794","SWE",2080033200,81,0.818181818181818,0
"364","G10797","SWE",2080033200,289,0.68,0
"365","G10798","SWE",2080033190,64,1,0
"366","G10800","SWE",2080033010,225,0.833333333333333,0
"367","G10804","SWE",2080033190,324,0.620689655172414,0
"368","G10806","SWE",2080033190,64,0.727272727272727,0
"369","G10807","SWE",2080033200,144,0.545454545454545,0
"370","G10808","SWE",2080033200,100,0.526315789473684,0
"371","G10812","SWE",2080032230,64,1,0
"372","G10813","SWE",2080033190,169,0.5,0
"373","G10815","SWE",2080033010,81,0.75,0
"374","G10816","SWE",2080033080,49,0.5,0
"375","G10817","SWE",2080033080,64,0.380952380952381,0
"376","G10820","SWE",2080033200,225,0.714285714285714,0
"377","G10821","SWE",2080033010,144,0.705882352941177,0
"378","G10822","SWE",2080033010,81,0.75,0
"379","G10826","SWE",2080033010,196,0.736842105263158,0
"380","G10828","SWE",2080033010,256,0.761904761904762,0
"381","G10829","SWE",2080033080,121,0.44,0
"382","G10830","SWE",2080033080,49,0.4375,0
"383","G10832","SWE",2080033190,144,0.705882352941177,0
"384","G10838","SWE",2080033080,144,0.571428571428571,0
"385","G10840","SWE",2080033200,64,1,0
"386","G10843","SWE",2080033080,25,1,0
"387","G10845","SWE",2080033080,100,0.454545454545455,0
"388","G10846","SWE",2080033080,361,0.76,1
"389","G10848","SWE",2080033080,36,0.6,0
"390","G10850","SWE",2080033200,25,0.357142857142857,0
"391","G10853","SWE",2080033200,324,0.75,0
"392","G10854","SWE",2080033080,529,1,0
"393","G10855","SWE",2080033190,484,0.785714285714286,0
"394","G10858","SWE",2080033080,64,1,0
"395","G10859","SWE",2080033200,529,0.793103448275862,0
"396","G10863","SWE",2080033080,576,0.857142857142857,0
"397","G10865","SWE",2080033200,100,0.666666666666667,0
"398","G10866","SWE",2080033200,36,0.4,0
"399","G10867","SWE",2080033190,625,0.833333333333333,0
"400","G10868","SWE",2080033200,256,0.64,0
"401","G10871","SWE",2080033080,324,0.818181818181818,0
"402","G10875","SWE",2080033080,25,0.833333333333333,0
"403","G10876","SWE",2080033080,100,0.454545454545455,0
"404","G10878","SWE",2080033080,36,0.4,0
"405","G10880","SWE",2080033200,169,0.448275862068966,0
"406","G10886","SWE",2080033190,225,0.46875,0
"407","G10887","SWE",2080033190,169,0.481481481481481,1
"408","G10888","SWE",2080033200,400,0.740740740740741,0
"409","G10889","SWE",2080032230,36,1,0
"410","G10893","SWE",2080032230,49,1,0
"411","G10894","SWE",2080033200,144,0.545454545454545,0
"412","G10895","SWE",2080033080,196,0.736842105263158,0
"413","G10896","SWE",2080033080,169,0.8125,0
"414","G10898","SWE",2080033200,121,0.733333333333333,0
"415","G10899","SWE",2080056780,36,0.75,0
"416","G10900","SWE",2080032230,49,1,0
"417","G10904","SWE",2080032230,25,0.333333333333333,0
"418","G10906","SWE",2080032230,225,0.9375,0
"419","G10908","SWE",2080033200,256,0.761904761904762,0
"420","G10910","SWE",2080033190,36,1,0
"421","G10911","SWE",2080033200,49,0.636363636363636,0
"422","G10913","SWE",2080033080,361,1,0
"423","G10917","SWE",2080033200,121,0.846153846153846,0
"424","G10920","SWE",2080033080,81,1,0
"425","G10921","SWE",2080033200,81,0.692307692307692,0
"426","G10922","SWE",2080033200,49,1,0
"427","G10926","SWE",2080033200,196,0.875,0
"428","G10930","SWE",2080033200,64,0.533333333333333,0
"429","G10932","SWE",2080032230,49,1,0
"430","G10933","SWE",2080033200,49,1,0
"431","G10935","SWE",2080033200,121,0.785714285714286,0
"432","G10947","SWE",2080033080,144,0.923076923076923,0
"433","G10950","SWE",2080033080,289,0.85,0
"434","G10952","SWE",2080033080,225,1,1
"435","G10954","SWE",2080033190,49,0.777777777777778,0
"436","G10957","SWE",2080033080,64,0.888888888888889,0
"437","G10958","SWE",2080033080,289,0.80952380952381,0
"438","G10960","SWE",2080033190,74,0.568589743589744,0
"439","G10965","SWE",2080033200,361,0.633333333333333,1
"440","G10966","SWE",2080033120,25,0.25,0
"441","G10967","SWE",2080033200,144,0.631578947368421,0
"442","G10968","SWE",2080033080,961,1,0
"443","G10970","SWE",2080033200,576,0.727272727272727,0
"444","G10973","SWE",2080033200,625,0.694444444444444,0
"445","G10974","SWE",2080032870,81,0.9,0
"446","G10976","SWE",2080056850,121,0.6875,0
"447","G10977","SWE",2080033080,529,0.793103448275862,0
"448","G10978","SWE",2080032230,484,0.956521739130435,0
"449","G10979","SWE",2080032230,81,1,0
"450","G10980","SWE",2080032870,121,0.733333333333333,0
"451","G10981","SWE",2080033080,25,1,0
"452","G10982","SWE",2080033200,256,0.666666666666667,0
"453","G10985","SWE",2080032680,100,0.588235294117647,0
"454","G10988","SWE",2080033080,784,0.903225806451613,0
"455","G10990","SWE",2080031960,36,0.75,0
"456","G10991","SWE",2080033120,49,0.333333333333333,0
"457","G10994","SWE",2080033080,484,0.88,0
"458","G10995","SWE",2080033080,484,0.916666666666667,0
"459","G10997","SWE",2080033080,64,0.8,0
"460","G11003","SWE",2080033200,36,0.75,0
"461","G11009","SWE",2080033080,36,0.461538461538462,0
"462","G11013","SWE",2080033200,49,1,0
"463","G11014","SWE",2080033080,49,1,0
"464","G11017","SWE",2080033200,144,0.521739130434783,0
"465","G11019","SWE",2080033080,676,1,0
"466","G11023","SWE",2080033200,25,1,0
"467","G11025","SWE",2080033080,324,0.692307692307692,0
"468","G11027","SWE",2080033320,64,0.444444444444444,0
"469","G11029","SWE",2080031960,49,0.777777777777778,0
"470","G11030","SWE",2080033200,81,0.45,0
"471","G11035","SWE",2080033080,144,0.8,0
"472","G11036","SWE",2080056900,25,1,0
"473","G11048","SWE",2080033200,81,0.529411764705882,0
"474","G11049","SWE",2080031960,25,0.625,0
"475","G11056","SWE",2080033290,81,0.642857142857143,0
"476","G11059","SWE",2080033290,313,0.500805152979066,0
"477","G11060","SWE",2080033290,169,0.722222222222222,0
"478","G11061","SWE",2080033290,36,0.25,0
"479","G11065","SWE",2080033290,225,0.6,0
"480","G11069","SWE",2080033200,256,0.551724137931034,0
"481","G11072","SWE",2080033290,49,0.291666666666667,0
"482","G11078","SWE",2080033290,25,1,0
"483","G11080","SWE",2080033290,164,0.413793103448276,0
"484","G11082","SWE",2080033200,81,1,0
"485","G11083","SWE",2080031960,25,0.625,0
"486","G11090","SWE",2080033290,64,0.470588235294118,0
"487","G11091","SWE",2080032870,196,0.736842105263158,0
"488","G11095","SWE",2080033290,74,0.401221264367816,0
"489","G11096","SWE",2080032680,317,0.446503225806452,0
"490","G11103","SWE",2080033290,25,0.454545454545455,0
"491","G11105","SWE",2080033200,289,0.607142857142857,0
"492","G11110","SWE",2080033290,100,0.333333333333333,0
"493","G11112","SWE",2080033290,121,1,0
"494","G11119","SWE",2080031960,25,0.833333333333333,0
"495","G11121","SWE",2080033290,25,1,0
"496","G11125","SWE",2080032680,64,0.533333333333333,0
"497","G11129","SWE",2080056900,81,0.9,0
"498","G11132","SWE",2080031960,36,0.5,0
"499","G11134","SWE",2080056770,25,0.833333333333333,0
"500","G11138","SWE",2080031960,81,0.818181818181818,0
"501","G11140","SWE",2080033290,64,1,0
"502","G11143","SWE",2080032650,121,0.785714285714286,0
"503","G11144","SWE",2080031960,81,1,0
"504","G11148","SWE",2080033320,128,0.671328671328671,0
"505","G11153","SWE",2080033290,121,0.5,0
"506","G11154","SWE",2080033290,144,0.48,0
"507","G11157","SWE",2080033290,100,0.416666666666667,0
"508","G11158","SWE",2080031960,484,0.956521739130435,0
"509","G11160","SWE",2080031960,100,1,0
"510","G11162","SWE",2080031960,169,0.928571428571429,0
"511","G11165","SWE",2080032870,81,0.692307692307692,0
"512","G11168","SWE",2080033290,64,0.533333333333333,0
"513","G11169","SWE",2080033290,169,0.541666666666667,0
"514","G11171","SWE",2080031960,484,0.956521739130435,0
"515","G11175","SWE",2080032970,49,0.636363636363636,0
"516","G11176","SWE",2080033320,100,0.666666666666667,0
"517","G11178","SWE",2080031960,169,0.722222222222222,1
"518","G11180","SWE",2080031960,25,0.714285714285714,0
"519","G11184","SWE",2080032970,121,0.785714285714286,0
"520","G11193","SWE",2080033290,36,0.545454545454545,0
"521","G11194","SWE",2080033320,64,0.888888888888889,0
"522","G11196","SWE",2080031960,361,0.826086956521739,0
"523","G11202","SWE",2080031960,25,0.416666666666667,0
"524","G11203","SWE",2080033320,36,1,0
"525","G11211","SWE",2080033320,25,0.555555555555556,0
"526","G11212","SWE",2080031960,361,0.730769230769231,0
"527","G11213","SWE",2080031960,121,0.6875,0
"528","G11216","SWE",2080031960,256,0.615384615384615,0
"529","G11218","SWE",2080033320,194,0.902116402116402,0
"530","G11219","SWE",2080033320,25,0.384615384615385,0
"531","G11220","SWE",2080033320,144,0.705882352941177,0
"532","G11223","SWE",2080033320,81,0.642857142857143,0
"533","G11225","SWE",2080033330,36,0.260869565217391,0
"534","G11227","SWE",2080033330,74,0.385869565217391,0
"535","G11233","SWE",2080033330,49,0.875,0
"536","G11235","SWE",2080033320,25,0.294117647058824,0
"537","G11237","SWE",2080033320,100,0.666666666666667,0
"538","G11238","SWE",2080031960,361,1,0
"539","G11239","SWE",2080033320,81,0.642857142857143,0
"540","G11240","SWE",2080033290,36,0.4,0
"541","G11243","SWE",2080031960,361,1,0
"542","G11250","SWE",2080033290,25,0.454545454545455,0
"543","G11253","SWE",2080033330,64,0.533333333333333,0
"544","G11257","SWE",2080033330,121,0.478260869565217,0
"545","G11258","SWE",2080033330,64,0.363636363636364,0
"546","G11261","SWE",2080031960,25,0.3125,0
"547","G11262","SWE",2080033320,100,0.625,0
"548","G11263","SWE",2080033330,49,0.304347826086957,0
"549","G11264","SWE",2080033330,49,0.304347826086957,0
"550","G11265","SWE",2080031960,441,0.954545454545455,0
"551","G11268","SWE",2080033330,85,0.487179487179487,0
"552","G11271","SWE",2080031960,100,0.357142857142857,0
"553","G11273","SWE",2080033320,225,0.681818181818182,0
"554","G11275","SWE",2080033330,314,0.6675,0
"555","G11279","SWE",2080033320,64,0.470588235294118,0
"556","G11286","SWE",2080033320,36,0.545454545454545,0
"557","G11295","SWE",2080033320,49,0.875,0
"558","G11302","SWE",2080033330,162,0.589285714285714,0
"559","G11306","SWE",2080032020,25,0.416666666666667,0
"560","G11308","SWE",2080033330,324,0.72,0
"561","G11309","SWE",2080033330,361,0.76,0
"562","G11310","SWE",2080033330,196,1,0
"563","G11311","SWE",2080033330,256,0.695652173913043,0
"564","G11312","SWE",2080033330,196,1,0
"565","G11314","SWE",2080033330,225,1,0
"566","G11315","SWE",2080033330,324,1,0
"567","G11320","SWE",2080032950,49,0.538461538461538,0
"568","G11326","SWE",2080033330,74,0.58,0
"569","G11327","SWE",2080032020,49,0.4375,0
"570","G11330","SWE",2080032020,130,0.638071895424837,0
"571","G11333","SWE",2080032950,64,0.421052631578947,0
"572","G11334","SWE",2080032020,196,0.736842105263158,1
"573","G11335","SWE",2080032020,81,0.818181818181818,0
"574","G11341","SWE",2080032670,100,0.769230769230769,0
"575","G11342","SWE",2080032970,25,0.333333333333333,0
"576","G11346","SWE",2080033330,25,0.161290322580645,0
"577","G11347","SWE",2080033330,256,0.592592592592593,0
"578","G11348","SWE",2080033330,225,0.681818181818182,0
"579","G11352","SWE",2080033330,576,0.923076923076923,0
"580","G11354","SWE",2080033330,625,0.925925925925926,0
"581","G11356","SWE",2080033330,576,0.923076923076923,0
"582","G11359","SWE",2080033330,49,0.875,0
"583","G11364","SWE",2080033330,100,0.384615384615385,0
"584","G11367","SWE",2080033330,196,0.411764705882353,0
"585","G11368","SWE",2080031960,36,1,0
"586","G11370","SWE",2080033410,49,1,0
"587","G11372","SWE",2080033400,289,0.708333333333333,0
"588","G11373","SWE",2080033410,324,0.642857142857143,0
"589","G11374","SWE",2080033400,361,0.791666666666667,0
"590","G11375","SWE",2080033400,361,0.730769230769231,0
"591","G11376","SWE",2080033400,361,0.730769230769231,0
"592","G11377","SWE",2080033400,400,0.714285714285714,0
"593","G11383","SWE",2080032680,64,0.533333333333333,0
"594","G11385","SWE",2080031960,25,0.555555555555556,0
"595","G11386","SWE",2080031920,64,1,0
"596","G11389","SWE",2080031920,49,0.875,0
"597","G11394","SWE",2080031920,36,0.75,0
"598","G11398","SWE",2080031920,64,1,0
"599","G11411","SWE",2080033430,64,0.727272727272727,0
"600","G11414","SWE",2080033430,64,0.666666666666667,0
"601","G11415","SWE",2080033430,49,0.636363636363636,0
"602","G11419","SWE",2080031910,100,1,0
"603","G11421","SWE",2080031910,81,1,0
"604","G11422","SWE",2080031910,25,1,0
"605","G11429","SWE",2080032970,100,0.666666666666667,0
"606","G11431","SWE",2080033320,64,0.421052631578947,0
"607","G11433","SWE",2080033470,49,1,0
"608","G11440","SWE",2080033320,64,0.4,0
"609","G11447","SWE",2080032970,61,0.538461538461538,0
"610","G11454","SWE",2080033470,36,0.75,0
"611","G11458","SWE",2080033400,121,0.423076923076923,0
"612","G11461","SWE",2080033400,36,0.666666666666667,0
"613","G11464","SWE",2080033450,196,0.451612903225806,0
"614","G11465","SWE",2080033450,64,0.470588235294118,0
"615","G11469","SWE",2080033450,225,0.46875,1
"616","G11472","SWE",2080033450,196,0.4375,0
"617","G11473","SWE",2080033450,610,0.586229946524064,0
"618","G11476","SWE",2080033450,144,0.666666666666667,0
"619","G11478","SWE",2080033450,98,0.619230769230769,0
"620","G11479","SWE",2080033450,144,0.666666666666667,0
"621","G11480","SWE",2080033450,164,0.530864197530864,0
"622","G11483","SWE",2080033320,36,0.857142857142857,0
"623","G11488","SWE",2080031750,81,0.9,0
"624","G11489","SWE",2080031750,81,0.75,0
"625","G11490","SWE",2080031750,64,0.8,0
"626","G11491","SWE",2080033320,25,1,0
"627","G11496","SWE",2080033320,25,1,0
"628","G11497","SWE",2080033320,529,0.851851851851852,0
"629","G11498","SWE",2080033320,81,0.375,0
"630","G11499","SWE",2080033320,256,0.941176470588235,0
"631","G11501","SWE",2080033320,81,0.375,0
"632","G11502","SWE",2080033320,256,0.941176470588235,0
"633","G11503","SWE",2080033320,324,0.947368421052632,0
"634","G11511","SWE",2080033320,25,0.263157894736842,0
"635","G11525","SWE",2080031750,36,0.857142857142857,0
"636","G11529","SWE",2080032600,121,0.611111111111111,0
"637","G11530","SWE",2080031750,36,0.857142857142857,0
"638","G11532","SWE",2080031750,36,0.75,1
"639","G11544","SWE",2080033470,25,0.5,0
"640","G11545","SWE",2080033470,81,0.333333333333333,0
"641","G11546","SWE",2080031750,196,0.933333333333333,0
"642","G11550","SWE",2080031750,49,1,0
"643","G11552","SWE",2080031750,289,1,0
"644","G11553","SWE",2080031750,256,1,1
"645","G11555","SWE",2080031750,25,1,0
"646","G11556","SWE",2080031750,256,0.941176470588235,0
"647","G11557","SWE",2080031750,25,1,0
"648","G11559","SWE",2080031750,36,1,0
"649","G11560","SWE",2080031750,289,1,0
"650","G11567","SWE",2080031750,289,1,0
"651","G11569","SWE",2080033320,36,0.6,0
"652","G11576","SWE",2080031750,121,1,0
"653","G11577","SWE",2080031750,121,1,0
"654","G11581","SWE",2080031750,100,0.833333333333333,0
"655","G11598","SWE",2080032670,100,0.769230769230769,0
"656","G11607","SWE",2080032680,169,0.684210526315789,0
"657","G11636","SWE",2080031730,49,1,0
"658","G11646","SWE",2080031730,49,0.583333333333333,0
"659","G11662","SWE",2080032610,25,0.714285714285714,0
"660","G11669","SWE",2080032600,256,0.941176470588235,0
"661","G11678","SWE",2080033320,100,0.909090909090909,0
"662","G11680","SWE",2080033320,121,1,0
"663","G11684","SWE",2080033320,144,1,0
"664","G11707","SWE",2080032600,49,0.388888888888889,0
"665","G11714","SWE",2080031630,121,1,0
"666","G11716","SWE",2080031630,49,1,0
"667","G11717","SWE",2080031630,121,1,0
"668","G11719","SWE",2080032600,576,0.96,0
"669","G11727","SWE",2080033320,25,0.555555555555556,0
"670","G11746","SWE",2080031740,256,0.941176470588235,0
"671","G11750","SWE",2080031740,36,0.6,0
"672","G11764","SWE",2080032500,25,0.384615384615385,0
"673","G118","HUN",2080008490,25,0.833333333333333,0
"674","G11806","SWE",2080032600,289,0.894736842105263,0
"675","G11825","SWE",2080031740,25,0.555555555555556,0
"676","G11828","SWE",2080032410,117,0.5375,0
"677","G11842","SWE",2080031740,130,0.551983173076923,0
"678","G11843","SWE",2080032600,529,0.851851851851852,0
"679","G11845","SWE",2080031740,36,0.6,0
"680","G11850","SWE",2080031740,85,0.546153846153846,0
"681","G11853","SWE",2080031740,106,0.582417582417582,0
"682","G11855","SWE",2080033320,25,0.454545454545455,0
"683","G11864","SWE",2080032410,81,0.473684210526316,0
"684","G11870","SWE",2080032670,49,0.875,0
"685","G11874","SWE",2080032650,25,0.833333333333333,0
"686","G11877","SWE",2080032680,218,0.491125,0
"687","G11880","SWE",2080033320,36,0.666666666666667,0
"688","G11891","SWE",2080031740,36,0.75,0
"689","G11897","SWE",2080031740,36,0.857142857142857,0
"690","G11899","SWE",2080032600,625,0.925925925925926,0
"691","G11912","SWE",2080032420,25,0.384615384615385,0
"692","G11923","SWE",2080032420,25,0.454545454545455,0
"693","G11924","SWE",2080031740,49,0.875,0
"694","G11931","SWE",2080031740,169,0.866666666666667,1
"695","G11933","SWE",2080032680,81,1,0
"696","G11955","SWE",2080032600,256,0.941176470588235,0
"697","G11959","SWE",2080032970,49,0.411764705882353,0
"698","G11971","SWE",2080032600,81,0.6,0
"699","G11976","SWE",2080031740,49,0.777777777777778,0
"700","G11979","SWE",2080032670,121,0.916666666666667,0
"701","G11986","SWE",2080032680,36,0.315789473684211,0
"702","G11987","SWE",2080031490,25,0.833333333333333,0
"703","G11995","SWE",2080033320,36,1,0
"704","G12003","SWE",2080031740,25,1,0
"705","G12013","SWE",2080033320,81,1,0
"706","G12027","SWE",2080032670,81,1,0
"707","G12038","SWE",2080031490,49,1,0
"708","G12039","SWE",2080032650,36,0.857142857142857,0
"709","G12047","SWE",2080031490,36,1,0
"710","G12050","SWE",2080031490,64,0.666666666666667,0
"711","G12051","SWE",2080031490,36,0.857142857142857,0
"712","G12058","SWE",2080033320,64,1,0
"713","G12076","SWE",2080033320,49,1,0
"714","G12077","SWE",2080033320,36,1,0
"715","G12083","SWE",2080033320,64,1,0
"716","G12096","SWE",2080033320,64,0.888888888888889,0
"717","G12111","SWE",2080031490,36,1,0
"718","G12122","SWE",2080032670,81,1,0
"719","G12141","SWE",2080033320,25,1,0
"720","G12145","SWE",2080032600,576,0.923076923076923,0
"721","G12154","SWE",2080031470,64,1,0
"722","G12156","USA",7080008710,256,0.941176470588235,0
"723","G12161","USA",7080049270,100,0.909090909090909,0
"724","G12162","USA",7080049270,324,0.818181818181818,0
"725","G12163","USA",7080049270,289,0.772727272727273,0
"726","G12164","USA",7080049270,49,0.333333333333333,0
"727","G12165","USA",7080008710,81,1,0
"728","G12166","USA",7080049270,144,0.75,0
"729","G12167","USA",7080049270,196,0.875,0
"730","G12168","USA",7080049270,81,1,0
"731","G12169","USA",7080049270,225,0.9375,0
"732","G12170","USA",7080049270,144,0.75,0
"733","G12171","USA",7080049270,196,0.666666666666667,0
"734","G12172","USA",7080049270,324,0.818181818181818,0
"735","G12173","USA",7080049270,225,0.714285714285714,0
"736","G12174","USA",7080049270,36,0.272727272727273,0
"737","G12175","USA",7080049270,289,0.772727272727273,0
"738","G12176","USA",7080008710,400,0.952380952380952,0
"739","G12177","USA",7080049270,289,0.80952380952381,0
"740","G12178","USA",7080008710,576,0.923076923076923,1
"741","G12179","USA",7080008710,400,1,0
"742","G12180","USA",7080008710,400,1,0
"743","G12181","USA",7080008710,400,1,0
"744","G12182","USA",7080008710,361,1,0
"745","G12183","USA",7080008710,361,1,0
"746","G12184","USA",7080008710,361,1,0
"747","G12185","USA",7080008710,361,1,0
"748","G12186","USA",7080008710,676,1,0
"749","G12187","USA",7080008710,64,0.8,0
"750","G12188","USA",7080008710,64,0.888888888888889,0
"751","G12189","USA",7080008710,100,1,0
"752","G12190","USA",7080008710,81,0.9,0
"753","G12191","USA",7080008710,81,0.9,0
"754","G12192","USA",7080008710,81,0.9,0
"755","G12193","USA",7080008710,196,1,0
"756","G12198","USA",7080008710,625,0.961538461538462,0
"757","G12786","ESP",2080016960,121,1,0
"758","G12794","ESP",2080016960,145,1,0
"759","G12795","ESP",2080016960,198,0.964285714285714,0
"760","G128","HUN",2080008490,25,0.833333333333333,0
"761","G131","HUN",2080008490,25,0.833333333333333,0
"762","G133","HUN",2080008490,36,0.857142857142857,0
"763","G1331","USA",7080047060,49,0.368421052631579,0
"764","G134","HUN",2080008490,36,0.857142857142857,0
"765","G140","HUN",2080008490,25,0.833333333333333,0
"766","G144","HUN",2080008490,25,0.714285714285714,0
"767","G145","HUN",2080008490,36,0.857142857142857,0
"768","G146","USA",7080047060,256,1,0
"769","G147","USA",7080047060,256,1,0
"770","G148","USA",7080047060,256,1,0
"771","G149","USA",7080047060,256,1,0
"772","G150","USA",7080047060,256,1,0
"773","G151","USA",7080047060,256,1,0
"774","G152","USA",7080047060,256,1,0
"775","G153","USA",7080047060,256,1,0
"776","G155","AUS",5080070220,85,0.88034188034188,0
"777","G157","AUS",5080070220,85,0.88034188034188,0
"778","G158","AUS",5080070230,25,1,0
"779","G163","AUS",5080070230,125,1,0
"780","G165","AUS",5080070250,36,1,0
"781","G166","AUS",5080070260,36,1,0
"782","G171","AUS",5080070260,50,1,0
"783","G172","AUS",5080070340,85,0.932692307692308,0
"784","G1736","USA",7080047060,36,1,0
"785","G174","AUS",5080070340,136,1,0
"786","G175","AUS",5080070360,136,1,0
"787","G1752","USA",7080014930,36,1,0
"788","G176","AUS",5080070360,125,1,0
"789","G1770","USA",7080014930,25,0.625,0
"790","G179","AUS",5080070360,64,0.888888888888889,0
"791","G1790","USA",7080014930,25,0.833333333333333,0
"792","G1791","USA",7080014930,36,0.75,0
"793","G180","AUS",5080070390,136,1,0
"794","G181","AUS",5080070370,136,1,0
"795","G182","AUS",5080070340,36,1,0
"796","G183","AUS",5080070340,74,0.87037037037037,0
"797","G1834","USA",7080014930,25,0.833333333333333,0
"798","G1836","USA",7080014930,25,0.833333333333333,0
"799","G184","AUS",5080070390,25,0.833333333333333,0
"800","G185","AUS",5080070390,61,1,0
"801","G186","AUS",5080070390,36,1,0
"802","G1877","USA",7080047060,484,0.785714285714286,0
"803","G189","AUS",5080070390,106,1,0
"804","G1900","USA",7080014930,49,0.777777777777778,0
"805","G193","AUS",5080070390,100,1,0
"806","G194","AUS",5080070390,106,1,0
"807","G1940","USA",7080073620,25,0.555555555555556,0
"808","G1950","USA",7080039620,49,0.7,0
"809","G1954","USA",7080039770,25,1,0
"810","G1960","USA",7080014930,100,0.666666666666667,0
"811","G197","AUS",5080070390,85,0.932692307692308,0
"812","G1975","USA",7080014930,25,1,0
"813","G1976","USA",7080014930,25,1,0
"814","G1979","USA",7080041400,49,0.777777777777778,0
"815","G1981","USA",7080041410,36,0.75,0
"816","G1986","USA",7080042740,36,1,0
"817","G1992","USA",7080045890,100,0.833333333333333,0
"818","G1996","USA",7080045890,64,0.8,0
"819","G2029","USA",7080047060,49,0.7,0
"820","G2032","USA",7080047060,49,0.875,0
"821","G2045","USA",7080047800,25,1,0
"822","G2047","USA",7080047970,64,0.8,0
"823","G2050","USA",7080048860,49,0.777777777777778,0
"824","G2055","USA",7080008710,169,0.866666666666667,0
"825","G207","AUS",5080070390,100,0.885714285714286,0
"826","G2078","GBR",2080053790,64,0.8,0
"827","G2088","GBR",2080053240,36,0.5,0
"828","G2091","GBR",2080048980,36,0.666666666666667,0
"829","G210","AUS",5080070390,72,1,1
"830","G211","AUS",5080070390,136,1,0
"831","G212","AUS",5080070390,25,1,0
"832","G2125","GBR",2080048980,36,0.857142857142857,0
"833","G213","AUS",5080070390,81,1,0
"834","G2138","GBR",2080053070,25,0.555555555555556,0
"835","G2139","GBR",2080053240,81,0.6,0
"836","G2147","GBR",2080053070,25,0.555555555555556,0
"837","G216","AUS",5080070390,49,0.777777777777778,0
"838","G217","AUS",5080070390,85,0.932692307692308,1
"839","G218","AUS",5080070390,100,1,0
"840","G2188","GBR",2080048980,25,0.714285714285714,0
"841","G219","AUS",5080070390,25,0.625,0
"842","G223","AUS",5080070390,64,0.8,0
"843","G2230","GBR",2080048980,25,0.555555555555556,0
"844","G2231","GBR",2080053240,36,0.5,0
"845","G2237","GBR",2080053100,81,0.642857142857143,0
"846","G225","AUS",5080070390,136,1,0
"847","G226","AUS",5080070390,136,1,0
"848","G2268","GBR",2080053100,64,0.615384615384615,0
"849","G227","AUS",5080070390,100,0.885714285714286,0
"850","G2276","GBR",2080053100,64,0.615384615384615,0
"851","G228","AUS",5080070390,85,0.88034188034188,0
"852","G2282","GBR",2080053240,49,0.583333333333333,0
"853","G2286","GBR",2080053240,36,0.545454545454545,0
"854","G230","AUS",5080070390,25,0.714285714285714,0
"855","G2303","GBR",2080052960,36,0.6,0
"856","G232","AUS",5080070390,100,0.885714285714286,0
"857","G2328","GBR",2080053100,64,0.727272727272727,0
"858","G2338","GBR",2080050410,25,0.833333333333333,0
"859","G2352","GBR",2080048980,36,0.666666666666667,0
"860","G2368","GBR",2080053070,25,0.5,0
"861","G2374","GBR",2080053100,81,0.75,0
"862","G239","AUS",5080070440,125,1,0
"863","G2397","GBR",2080053100,49,0.777777777777778,0
"864","G2417","GBR",2080053100,64,0.666666666666667,0
"865","G244","AUS",5080070440,49,0.777777777777778,0
"866","G2442","GBR",2080048800,25,0.555555555555556,0
"867","G2483","GBR",2080050410,25,0.833333333333333,0
"868","G2485","GBR",2080049610,25,0.625,0
"869","G2487","GBR",2080053790,25,1,0
"870","G250","AUS",5080070440,117,1,0
"871","G252","AUS",5080070440,85,0.88034188034188,0
"872","G253","AUS",5080070440,36,1,0
"873","G2533","GBR",2080053100,121,0.785714285714286,1
"874","G255","AUS",5080070400,85,0.88034188034188,0
"875","G256","AUS",5080070400,85,0.932692307692308,0
"876","G2560","GBR",2080053420,25,0.714285714285714,0
"877","G257","AUS",5080070400,72,1,1
"878","G258","AUS",5080070400,49,0.777777777777778,0
"879","G259","AUS",5080070400,25,1,0
"880","G260","AUS",5080070400,81,1,0
"881","G261","AUS",5080070400,36,0.857142857142857,0
"882","G2615","GBR",2080052960,25,0.5,0
"883","G2665","GBR",2080050460,36,0.666666666666667,0
"884","G2680","GBR",2080053790,64,0.888888888888889,0
"885","G274","AUS",5080070490,136,1,0
"886","G2788","GBR",2080053790,49,0.777777777777778,0
"887","G279","AUS",5080070390,25,0.714285714285714,0
"888","G2914","GBR",2080050410,25,1,0
"889","G2916","GBR",2080050410,36,1,0
"890","G2924","GBR",2080050770,36,0.75,0
"891","G295","FIN",2080029960,36,0.75,0
"892","G298","FIN",2080028870,64,0.888888888888889,0
"893","G299","FIN",2080028870,100,0.357142857142857,0
"894","G300","FIN",2080028870,81,0.428571428571429,1
"895","G3006","GBR",2080053790,25,0.625,0
"896","G301","FIN",2080029940,49,0.7,0
"897","G302","FIN",2080029940,36,0.75,0
"898","G303","FIN",2080029960,36,0.75,0
"899","G3044","GBR",2080050510,49,0.7,0
"900","G3079","GBR",2080053050,25,0.833333333333333,0
"901","G308","FIN",2080029960,36,0.75,0
"902","G311","FIN",2080029710,25,0.714285714285714,0
"903","G3159","GBR",2080049680,36,0.4,0
"904","G3205","GBR",2080050510,64,0.32,0
"905","G3223","GBR",2080050510,25,0.714285714285714,0
"906","G3227","GBR",2080050770,25,0.714285714285714,0
"907","G3232","GBR",2080050770,25,0.714285714285714,0
"908","G324","FIN",2080029940,25,0.714285714285714,0
"909","G3254","GBR",2080050460,25,1,0
"910","G3273","GBR",2080050510,25,0.625,0
"911","G3274","GBR",2080050460,49,0.777777777777778,0
"912","G3278","GBR",2080050460,36,0.75,0
"913","G3280","GBR",2080050770,36,0.6,0
"914","G3454","GBR",2080048800,64,0.888888888888889,0
"915","G3455","GBR",2080050770,50,0.916666666666667,0
"916","G3470","GBR",2080050470,25,0.714285714285714,0
"917","G3494","GBR",2080050770,25,0.833333333333333,0
"918","G351","FIN",2080029400,100,0.909090909090909,0
"919","G3523","GBR",2080050770,49,0.7,1
"920","G353","FIN",2080029400,100,0.909090909090909,0
"921","G3533","GBR",2080049680,100,0.454545454545455,0
"922","G355","FIN",2080028870,64,0.380952380952381,0
"923","G357","FIN",2080029960,81,0.818181818181818,0
"924","G3571","GBR",2080049680,36,0.545454545454545,0
"925","G3595","GBR",2080050770,25,0.454545454545455,0
"926","G3614","GBR",2080050770,49,0.875,0
"927","G3617","GBR",2080050520,25,0.416666666666667,0
"928","G3691","GBR",2080048800,36,1,0
"929","G3704","GBR",2080049680,36,0.857142857142857,0
"930","G3729","GBR",2080050680,81,0.692307692307692,0
"931","G373","FIN",2080029940,25,0.714285714285714,0
"932","G3747","GBR",2080049680,36,0.315789473684211,0
"933","G378","FIN",2080029710,25,0.454545454545455,0
"934","G3797","GBR",2080050680,25,0.416666666666667,0
"935","G380","FIN",2080028670,25,1,0
"936","G381","FIN",2080028660,64,1,0
"937","G3824","GBR",2080050800,25,0.5,0
"938","G387","FIN",2080029510,25,0.833333333333333,0
"939","G3911","GBR",2080050680,25,0.454545454545455,0
"940","G3972","GBR",2080048990,36,0.666666666666667,0
"941","G3976","GBR",2080048990,64,0.727272727272727,0
"942","G402","FIN",2080028450,25,0.833333333333333,0
"943","G404","FIN",2080028660,729,0.931034482758621,0
"944","G4080","GBR",2080049120,25,0.625,0
"945","G411","FIN",2080028660,25,1,0
"946","G4116","GBR",2080049120,25,0.555555555555556,0
"947","G412","FIN",2080028660,729,0.931034482758621,0
"948","G4146","GBR",2080053790,25,0.454545454545455,0
"949","G4181","GBR",2080049490,25,0.833333333333333,0
"950","G4184","GBR",2080049120,25,0.555555555555556,0
"951","G4225","GBR",2080053790,25,0.357142857142857,0
"952","G4235","GBR",2080053410,25,0.625,0
"953","G4256","GBR",2080049170,25,1,0
"954","G4287","GBR",2080049170,25,1,0
"955","G4296","GBR",2080049140,49,0.7,0
"956","G4329","GBR",2080049170,36,0.6,0
"957","G4338","GBR",2080049170,25,0.625,0
"958","G4349","GBR",2080049180,36,0.6,0
"959","G4353","GBR",2080049180,36,0.545454545454545,0
"960","G4356","GBR",2080049180,25,0.555555555555556,0
"961","G4357","GBR",2080053410,25,0.416666666666667,0
"962","G4361","GBR",2080049180,25,0.714285714285714,0
"963","G4363","GBR",2080049450,25,0.5,0
"964","G4397","GBR",2080049180,25,0.5,0
"965","G4398","GBR",2080049920,25,0.625,0
"966","G4405","GBR",2080049180,25,0.5,0
"967","G442","FIN",2080028450,36,1,0
"968","G4423","GBR",2080053110,64,0.615384615384615,0
"969","G4430","GBR",2080049180,49,0.466666666666667,0
"970","G4442","GBR",2080049180,49,0.538461538461538,0
"971","G445","FIN",2080028840,36,1,0
"972","G4452","GBR",2080049450,36,0.6,0
"973","G4454","GBR",2080049450,25,0.555555555555556,0
"974","G4459","GBR",2080049180,49,0.583333333333333,0
"975","G4478","GBR",2080049290,36,0.75,0
"976","G450","FIN",2080029400,81,0.9,0
"977","G4511","GBR",2080049290,49,0.35,0
"978","G4513","GBR",2080049290,49,0.777777777777778,0
"979","G4520","GBR",2080049290,98,0.658119658119658,0
"980","G4522","GBR",2080049290,144,0.631578947368421,0
"981","G4523","GBR",2080048800,49,0.875,0
"982","G4534","GBR",2080053790,25,0.454545454545455,0
"983","G4541","GBR",2080049290,144,0.571428571428571,0
"984","G4551","GBR",2080049290,64,0.4,0
"985","G4563","GBR",2080049290,25,0.357142857142857,0
"986","G4569","GBR",2080049290,36,0.375,0
"987","G4599","GBR",2080053240,25,0.714285714285714,0
"988","G4608","GBR",2080049450,25,0.454545454545455,0
"989","G4627","GBR",2080049300,36,0.461538461538462,0
"990","G464","FIN",2080029400,100,0.909090909090909,0
"991","G465","FIN",2080028660,25,0.833333333333333,0
"992","G4654","GBR",2080053790,25,0.454545454545455,0
"993","G4660","GBR",2080049300,36,0.5,0
"994","G4667","GBR",2080049290,64,0.666666666666667,0
"995","G468","FIN",2080029400,100,0.909090909090909,0
"996","G4683","GBR",2080049290,36,0.545454545454545,0
"997","G469","FIN",2080028870,121,0.407407407407407,0
"998","G4690","GBR",2080049300,36,0.5,0
"999","G4735","GBR",2080049300,36,0.461538461538462,0
"1000","G4766","GBR",2080049300,49,0.28,0
"1001","G4780","GBR",2080049300,121,0.647058823529412,0
"1002","G4816","GBR",2080049300,74,0.741898148148148,0
"1003","G4818","GBR",2080049300,74,0.503030303030303,0
"1004","G4819","GBR",2080049300,25,0.416666666666667,0
"1005","G482","FIN",2080029940,25,0.714285714285714,0
"1006","G4833","GBR",2080049300,25,0.714285714285714,0
"1007","G4835","GBR",2080049300,81,0.6,0
"1008","G4842","GBR",2080048800,81,0.9,0
"1009","G4844","GBR",2080049300,81,0.5625,0
"1010","G4853","GBR",2080053110,64,0.571428571428571,0
"1011","G491","FIN",2080028840,25,1,0
"1012","G4918","GBR",2080053790,64,0.8,0
"1013","G492","FIN",2080029710,25,0.454545454545455,0
"1014","G494","FIN",2080028840,36,1,0
"1015","G4957","GBR",2080053790,36,0.75,0
"1016","G4958","GBR",2080053790,49,0.875,0
"1017","G5013","GBR",2080053790,25,1,0
"1018","G5037","GBR",2080053790,36,0.857142857142857,0
"1019","G5049","GBR",2080053790,25,0.833333333333333,0
"1020","G5114","GBR",2080053670,25,0.3125,0
"1021","G5140","GBR",2080053500,25,0.555555555555556,0
"1022","G5145","GBR",2080053720,25,0.454545454545455,0
"1023","G5179","GBR",2080053720,25,0.384615384615385,0
"1024","G518","FIN",2080029400,100,0.909090909090909,0
"1025","G5197","GBR",2080053720,25,0.5,0
"1026","G5212","GBR",2080053720,25,0.5,0
"1027","G5213","GBR",2080053720,25,0.5,0
"1028","G5226","GBR",2080053680,64,0.615384615384615,0
"1029","G5228","GBR",2080048800,25,1,0
"1030","G524","FIN",2080028530,36,0.428571428571429,0
"1031","G5243","GBR",2080053670,121,0.647058823529412,0
"1032","G5254","GBR",2080053670,36,0.75,0
"1033","G5257","GBR",2080053670,36,1,0
"1034","G5258","GBR",2080053680,49,0.636363636363636,0
"1035","G5260","GBR",2080053670,36,0.857142857142857,0
"1036","G5264","GBR",2080053670,81,0.75,0
"1037","G5266","GBR",2080053670,81,0.692307692307692,0
"1038","G5274","GBR",2080053670,25,0.3125,0
"1039","G5275","GBR",2080053670,25,0.555555555555556,0
"1040","G528","FIN",2080029710,49,0.636363636363636,0
"1041","G5289","GBR",2080053670,196,0.823529411764706,0
"1042","G5297","GBR",2080053670,64,0.571428571428571,0
"1043","G5300","GBR",2080053560,49,0.636363636363636,0
"1044","G531","FIN",2080029710,36,0.6,0
"1045","G532","FIN",2080029710,25,0.454545454545455,0
"1046","G5332","GBR",2080053560,64,0.727272727272727,0
"1047","G5350","GBR",2080053560,25,0.714285714285714,0
"1048","G5373","GBR",2080053240,25,0.833333333333333,0
"1049","G5407","GBR",2080053560,36,0.6,0
"1050","G541","FIN",2080028670,25,1,0
"1051","G5416","GBR",2080053240,25,0.357142857142857,0
"1052","G542","FIN",2080028450,25,1,0
"1053","G5427","GBR",2080053790,49,1,0
"1054","G543","FIN",2080028530,25,1,0
"1055","G545","FIN",2080030020,25,0.833333333333333,0
"1056","G5455","GBR",2080053110,81,0.642857142857143,0
"1057","G5479","GBR",2080053240,25,0.416666666666667,0
"1058","G5482","GBR",2080053260,25,0.416666666666667,0
"1059","G5487","GBR",2080053790,36,0.666666666666667,0
"1060","G5492","GBR",2080053790,64,0.666666666666667,0
"1061","G5498","GBR",2080053790,25,0.5,0
"1062","G5500","GBR",2080053790,36,1,0
"1063","G5513","GBR",2080053790,25,1,0
"1064","G5516","GBR",2080053240,100,0.588235294117647,0
"1065","G5518","GBR",2080053260,36,0.6,0
"1066","G5534","GBR",2080053790,49,0.7,0
"1067","G5537","GBR",2080053790,49,0.636363636363636,0
"1068","G555","FIN",2080029400,100,0.909090909090909,0
"1069","G5551","GBR",2080053260,36,0.857142857142857,0
"1070","G5568","GBR",2080053790,49,0.583333333333333,0
"1071","G5569","GBR",2080053240,49,0.5,0
"1072","G5574","GBR",2080053240,36,0.5,0
"1073","G5585","GBR",2080053240,49,0.583333333333333,0
"1074","G5589","GBR",2080053790,25,0.625,0
"1075","G5594","GBR",2080053260,64,0.615384615384615,1
"1076","G5599","GBR",2080053260,144,1,0
"1077","G5617","GBR",2080053790,64,0.666666666666667,0
"1078","G562","FIN",2080029400,100,0.909090909090909,0
"1079","G5624","GBR",2080053240,36,0.75,0
"1080","G5625","GBR",2080053790,64,1,0
"1081","G563","FIN",2080029960,36,0.75,0
"1082","G5635","GBR",2080053790,25,0.714285714285714,0
"1083","G564","FIN",2080029960,36,0.75,0
"1084","G5646","GBR",2080053260,25,0.833333333333333,0
"1085","G565","FIN",2080029710,49,0.636363636363636,0
"1086","G5653","GBR",2080053790,49,0.875,0
"1087","G5656","GBR",2080053790,25,0.833333333333333,0
"1088","G5671","GBR",2080053790,36,0.545454545454545,0
"1089","G568","FIN",2080029400,100,0.909090909090909,0
"1090","G5680","GBR",2080053790,36,0.75,0
"1091","G5689","GBR",2080053260,49,0.7,0
"1092","G5692","GBR",2080053790,36,0.666666666666667,0
"1093","G571","FIN",2080028450,49,1,0
"1094","G5710","GBR",2080053260,144,0.923076923076923,0
"1095","G5726","GBR",2080053420,25,0.714285714285714,0
"1096","G573","FIN",2080029940,25,0.625,0
"1097","G575","FIN",2080029960,36,0.75,0
"1098","G5757","GBR",2080053240,64,0.533333333333333,0
"1099","G578","FIN",2080029400,100,0.909090909090909,0
"1100","G5802","GBR",2080053790,25,0.625,0
"1101","G5814","GBR",2080053790,64,0.727272727272727,0
"1102","G5854","GBR",2080053100,49,0.636363636363636,0
"1103","G5875","GBR",2080053100,25,0.833333333333333,0
"1104","G5881","GBR",2080053240,25,0.555555555555556,0
"1105","G5928","GBR",2080053240,25,0.833333333333333,0
"1106","G5942","GBR",2080053790,36,0.6,0
"1107","G5950","GBR",2080053100,121,0.785714285714286,0
"1108","G596","CAN",7080035080,25,1,0
"1109","G5976","GBR",2080053790,36,1,0
"1110","G6000","GBR",2080053470,49,0.777777777777778,0
"1111","G6014","GBR",2080053790,64,0.8,0
"1112","G6031","GBR",2080053240,36,0.75,0
"1113","G6035","GBR",2080053240,36,0.857142857142857,0
"1114","G6076","GBR",2080053790,64,0.8,0
"1115","G614","USA",7080008710,144,0.923076923076923,0
"1116","G615","USA",7080008710,144,0.923076923076923,0
"1117","G616","USA",7080008710,169,1,0
"1118","G633","JPN",4080038530,121,1,0
"1119","G635","JPN",4080037060,100,0.909090909090909,0
"1120","G636","JPN",4080037060,81,0.692307692307692,0
"1121","G637","JPN",4080037350,121,0.846153846153846,0
"1122","G644","JPN",4080037570,169,1,0
"1123","G646","JPN",4080037570,81,1,1
"1124","G7159","USA",7080047060,169,1,0
"1125","G7160","USA",7080047060,25,1,0
"1126","G7161","USA",7080047060,144,0.923076923076923,0
"1127","G7163","USA",7080047060,169,1,0
"1128","G7164","USA",7080047060,121,1,0
"1129","G7165","USA",7080047060,144,1,0
"1130","G7166","USA",7080047060,169,1,0
"1131","G7167","USA",7080047060,196,1,0
"1132","G7168","USA",7080047060,100,0.909090909090909,0
"1133","G7169","USA",7080047060,121,0.916666666666667,0
"1134","G7172","USA",7080047060,36,0.545454545454545,0
"1135","G7173","USA",7080047060,49,1,0
"1136","G7176","USA",7080047060,196,1,0
"1137","G7177","USA",7080047060,169,1,0
"1138","G7178","USA",7080047060,196,1,0
"1139","G7179","USA",7080047060,121,1,0
"1140","G7180","USA",7080047060,196,1,0
"1141","G7257","FRA",2080023010,25,0.833333333333333,0
"1142","G7260","FRA",2080023010,49,0.875,0
"1143","G7264","FRA",2080021030,289,0.944444444444444,0
"1144","G7265","FRA",2080021030,196,0.777777777777778,0
"1145","G7266","FRA",2080021030,49,0.875,0
"1146","G7267","FRA",2080021030,256,0.941176470588235,0
"1147","G7268","FRA",2080021030,121,0.578947368421053,0
"1148","G7271","FRA",2080021030,64,0.533333333333333,0
"1149","G7272","FRA",2080021030,121,0.733333333333333,0
"1150","G7275","FRA",2080020590,25,0.263157894736842,0
"1151","G7276","FRA",2080020620,64,0.470588235294118,0
"1152","G7278","FRA",2080021030,49,0.875,0
"1153","G7279","FRA",2080021030,64,0.571428571428571,0
"1154","G7280","FRA",2080020620,49,0.777777777777778,0
"1155","G7281","FRA",2080020620,36,0.75,0
"1156","G7284","FRA",2080021030,25,0.294117647058824,0
"1157","G7286","FRA",2080020620,121,0.578947368421053,0
"1158","G7287","FRA",2080021030,25,0.277777777777778,0
"1159","G7288","FRA",2080021030,81,0.473684210526316,0
"1160","G7289","FRA",2080021030,81,0.5,0
"1161","G7290","FRA",2080021030,121,0.611111111111111,0
"1162","G7292","FRA",2080021030,81,0.5,0
"1163","G7293","FRA",2080021030,81,0.473684210526316,0
"1164","G7294","FRA",2080021030,289,0.894736842105263,0
"1165","G7295","FRA",2080021030,64,0.421052631578947,0
"1166","G7297","FRA",2080021030,169,0.684210526315789,0
"1167","G7298","FRA",2080021030,169,0.684210526315789,0
"1168","G7299","FRA",2080021030,196,1,0
"1169","G7321","FRA",2080023010,49,1,0
"1170","G7333","FRA",2080022030,25,0.714285714285714,0
"1171","G7334","FRA",2080021030,64,0.888888888888889,0
"1172","G7336","FRA",2080021030,81,0.428571428571429,0
"1173","G7338","FRA",2080021030,100,1,0
"1174","G7339","FRA",2080022130,64,1,0
"1175","G7340","FRA",2080022030,121,0.5,0
"1176","G7342","FRA",2080021970,196,0.666666666666667,0
"1177","G7343","FRA",2080021890,324,0.782608695652174,0
"1178","G7344","FRA",2080021860,121,1,0
"1179","G7347","FRA",2080021860,144,0.545454545454545,0
"1180","G7348","FRA",2080021820,169,0.590909090909091,0
"1181","G7353","FRA",2080021800,100,1,0
"1182","G7355","FRA",2080021800,256,0.695652173913043,0
"1183","G7356","FRA",2080022080,25,1,0
"1184","G7357","FRA",2080021030,484,0.916666666666667,0
"1185","G7358","FRA",2080021030,400,0.869565217391304,0
"1186","G7359","FRA",2080022030,64,0.8,0
"1187","G7361","FRA",2080022030,196,0.56,0
"1188","G7363","FRA",2080022080,144,1,0
"1189","G7365","FRA",2080022060,256,0.695652173913043,0
"1190","G7367","FRA",2080021990,36,0.666666666666667,0
"1191","G7369","FRA",2080021990,225,0.652173913043478,0
"1192","G7370","FRA",2080022080,400,0.833333333333333,0
"1193","G7372","FRA",2080022080,256,0.666666666666667,0
"1194","G7373","FRA",2080021990,121,0.785714285714286,0
"1195","G7376","FRA",2080021030,81,0.642857142857143,0
"1196","G7378","FRA",2080022060,100,1,0
"1197","G7380","FRA",2080022030,256,0.695652173913043,0
"1198","G7385","FRA",2080022030,81,0.5625,0
"1199","G7386","FRA",2080021970,169,0.722222222222222,0
"1200","G7390","FRA",2080021970,81,0.5625,0
"1201","G7413","FRA",2080023010,36,1,0
"1202","G7424","FRA",2080016510,25,0.416666666666667,0
"1203","G7436","FRA",2080021030,36,1,0
"1204","G7438","FRA",2080016510,196,0.933333333333333,0
"1205","G7441","FRA",2080016510,121,0.846153846153846,0
"1206","G7445","FRA",2080021030,36,1,0
"1207","G7450","FRA",2080016510,25,0.625,0
"1208","G7454","FRA",2080023010,36,1,0
"1209","G7513","FRA",2080021310,164,0.725925925925926,0
"1210","G7515","FRA",2080021300,292,0.597402597402597,0
"1211","G7516","FRA",2080021280,136,0.875,0
"1212","G7517","FRA",2080021350,169,0.728104575163399,0
"1213","G7519","FRA",2080021360,64,0.5,0
"1214","G7521","FRA",2080021360,361,0.76,0
"1215","G7523","FRA",2080021360,81,1,0
"1216","G7524","FRA",2080021360,25,0.555555555555556,0
"1217","G7525","FRA",2080021350,81,1,0
"1218","G7526","FRA",2080021350,81,0.818181818181818,0
"1219","G7527","FRA",2080021110,25,0.555555555555556,0
"1220","G7530","FRA",2080021110,36,0.666666666666667,0
"1221","G7533","FRA",2080021780,196,0.7,0
"1222","G7535","FRA",2080021110,196,0.636363636363636,0
"1223","G7538","FRA",2080021350,36,0.857142857142857,0
"1224","G7539","FRA",2080021560,484,0.88,0
"1225","G7540","FRA",2080021600,529,1,0
"1226","G7541","FRA",2080021110,225,0.652173913043478,0
"1227","G7543","FRA",2080021690,256,0.941176470588235,0
"1228","G7545","FRA",2080021720,256,0.8,0
"1229","G7547","FRA",2080021110,185,0.756232686980609,0
"1230","G7548","FRA",2080021730,81,0.5,0
"1231","G7550","FRA",2080021110,144,0.571428571428571,0
"1232","G7551","FRA",2080021610,81,1,0
"1233","G7553","FRA",2080021560,64,1,0
"1234","G7554","FRA",2080021560,49,0.875,0
"1235","G7555","FRA",2080021260,36,0.857142857142857,0
"1236","G7556","FRA",2080021260,64,1,0
"1237","G7557","FRA",2080021260,36,0.857142857142857,0
"1238","G7558","FRA",2080021260,36,0.857142857142857,0
"1239","G7559","FRA",2080021220,121,0.846153846153846,0
"1240","G7561","FRA",2080021110,441,0.954545454545455,0
"1241","G7563","FRA",2080021110,36,1,0
"1242","G7565","FRA",2080021220,256,0.727272727272727,0
"1243","G7568","FRA",2080021110,85,0.382995951417004,0
"1244","G7569","FRA",2080021220,361,0.904761904761905,0
"1245","G7602","FRA",2080023010,530,0.759259259259259,1
"1246","G7607","FRA",2080022150,121,0.6875,0
"1247","G7608","FRA",2080022150,144,0.631578947368421,0
"1248","G7609","FRA",2080022150,49,0.368421052631579,0
"1249","G7611","FRA",2080022150,49,1,0
"1250","G7612","FRA",2080021030,144,0.666666666666667,0
"1251","G7613","FRA",2080021030,289,0.85,0
"1252","G7614","FRA",2080021030,25,0.384615384615385,0
"1253","G7616","FRA",2080022150,64,1,0
"1254","G7618","FRA",2080022150,81,0.5625,0
"1255","G7619","FRA",2080022150,36,1,0
"1256","G7625","FRA",2080021030,25,0.416666666666667,0
"1257","G7627","FRA",2080021030,49,0.4375,0
"1258","G7629","FRA",2080021030,121,0.578947368421053,0
"1259","G7631","FRA",2080021030,64,0.533333333333333,0
"1260","G7633","FRA",2080021030,64,1,0
"1261","G7634","FRA",2080021030,81,0.642857142857143,0
"1262","G7635","FRA",2080021030,400,1,0
"1263","G7636","FRA",2080022150,36,1,0
"1264","G7637","FRA",2080021030,49,0.411764705882353,0
"1265","G7639","FRA",2080021030,81,0.529411764705882,0
"1266","G7641","FRA",2080021030,144,0.666666666666667,0
"1267","G7643","FRA",2080021030,361,1,0
"1268","G7644","FRA",2080021030,64,1,0
"1269","G7645","FRA",2080021030,289,0.944444444444444,0
"1270","G7646","FRA",2080021030,169,0.684210526315789,0
"1271","G7648","FRA",2080021030,196,0.777777777777778,1
"1272","G7649","FRA",2080021030,25,1,0
"1273","G7651","FRA",2080021030,100,0.625,0
"1274","G7652","FRA",2080021030,25,0.714285714285714,0
"1275","G7653","FRA",2080021030,64,0.444444444444444,0
"1276","G7654","FRA",2080021030,36,0.428571428571429,0
"1277","G7656","FRA",2080021030,100,0.476190476190476,0
"1278","G7658","FRA",2080021030,256,0.842105263157895,0
"1279","G7662","FRA",2080021030,64,1,0
"1280","G7663","FRA",2080021030,256,0.842105263157895,0
"1281","G7701","FRA",2080022150,425,0.853395061728395,0
"1282","G7702","FRA",2080022970,482,0.811645299145299,0
"1283","G7703","FRA",2080022970,269,0.852173913043478,0
"1284","G7710","FRA",2080022150,125,1,0
"1285","G7713","FRA",2080022150,100,0.526315789473684,0
"1286","G7714","FRA",2080022970,121,0.578947368421053,0
"1287","G7715","BEL",2080022970,25,0.25,0
"1288","G7718","FRA",2080022970,25,0.833333333333333,0
"1289","G7719","FRA",2080022970,81,0.529411764705882,0
"1290","G7721","FRA",2080022150,144,0.705882352941177,0
"1291","G7722","FRA",2080022150,196,0.777777777777778,0
"1292","G7724","FRA",2080022150,256,0.941176470588235,0
"1293","G7725","FRA",2080022970,100,0.526315789473684,0
"1294","G7726","FRA",2080022150,81,0.529411764705882,0
"1295","G7727","FRA",2080022150,169,0.722222222222222,0
"1296","G7729","FRA",2080022150,100,0.625,0
"1297","G7731","FRA",2080022150,196,0.777777777777778,0
"1298","G7732","FRA",2080022150,36,0.352941176470588,0
"1299","G7734","FRA",2080022150,106,0.697619047619048,0
"1300","G7735","FRA",2080022150,100,0.526315789473684,0
"1301","G7736","FRA",2080022150,64,0.615384615384615,0
"1302","G7737","FRA",2080022150,81,0.5625,0
"1303","G7740","FRA",2080022150,125,0.75,0
"1304","G7743","FRA",2080022150,169,0.684210526315789,0
"1305","G7744","FRA",2080022150,144,0.8,0
"1306","G7745","FRA",2080022150,144,0.666666666666667,0
"1307","G7746","FRA",2080022150,289,0.944444444444444,0
"1308","G7747","BEL",2080022970,25,1,0
"1309","G7748","FRA",2080022150,169,0.764705882352941,0
"1310","G7749","FRA",2080022150,25,0.454545454545455,0
"1311","G7753","FRA",2080022150,64,0.533333333333333,0
"1312","G7756","FRA",2080022970,121,0.733333333333333,0
"1313","G7757","FRA",2080022150,196,0.777777777777778,0
"1314","G7761","FRA",2080022150,25,0.714285714285714,0
"1315","G7769","FRA",2080022970,25,0.416666666666667,0
"1316","G7791","FRA",2080023010,500,0.664253393665158,0
"1317","G7805","FRA",2080023010,169,0.684210526315789,0
"1318","G7811","FRA",2080048190,81,1,0
"1319","G7827","FRA",2080020620,100,0.588235294117647,0
"1320","G7829","FRA",2080016510,36,0.666666666666667,0
"1321","G7830","FRA",2080020620,36,0.857142857142857,0
"1322","G7840","FRA",2080016510,49,0.538461538461538,0
"1323","G7841","FRA",2080020620,144,0.857142857142857,0
"1324","G7852","FRA",2080023010,64,0.888888888888889,0
"1325","G7853","FRA",2080016510,25,0.625,0
"1326","G7862","FRA",2080020620,121,0.733333333333333,0
"1327","G7881","FRA",2080023010,121,0.578947368421053,0
"1328","G7883","FRA",2080022360,144,0.631578947368421,0
"1329","G7884","FRA",2080022180,49,0.636363636363636,0
"1330","G7886","FRA",2080022150,49,1,0
"1331","G7887","FRA",2080022150,100,0.625,0
"1332","G7889","FRA",2080022240,100,0.555555555555556,0
"1333","G7890","FRA",2080022360,25,0.5,0
"1334","G7897","FRA",2080022320,36,1,0
"1335","G7899","FRA",2080022150,169,1,0
"1336","G7900","FRA",2080022150,49,1,0
"1337","G7901","FRA",2080022150,169,0.722222222222222,0
"1338","G7902","FRA",2080022130,49,1,0
"1339","G7905","FRA",2080022150,100,1,0
"1340","G7908","FRA",2080023010,100,0.588235294117647,0
"1341","G7913","FRA",2080023010,557,0.67963567963568,1
"1342","G7915","FRA",2080022150,36,0.666666666666667,0
"1343","G7917","FRA",2080022150,81,0.692307692307692,0
"1344","G7918","FRA",2080022150,100,0.714285714285714,0
"1345","G7919","FRA",2080022150,64,0.666666666666667,0
"1346","G7921","FRA",2080022150,64,0.666666666666667,0
"1347","G7922","FRA",2080022150,208,0.589010989010989,0
"1348","G7925","FRA",2080022150,25,1,0
"1349","G7926","FRA",2080022150,64,0.666666666666667,0
"1350","G7930","FRA",2080022150,25,0.714285714285714,0
"1351","G7933","FRA",2080023010,81,0.529411764705882,0
"1352","G7934","FRA",2080022150,314,1,0
"1353","G7935","FRA",2080022150,353,0.796363636363636,0
"1354","G7936","FRA",2080022150,250,0.911764705882353,0
"1355","G7940","FRA",2080022150,144,0.923076923076923,0
"1356","G7941","FRA",2080022150,64,0.8,0
"1357","G7945","FRA",2080022150,49,0.583333333333333,0
"1358","G7946","FRA",2080022150,49,0.466666666666667,0
"1359","G7947","FRA",2080022150,25,0.714285714285714,0
"1360","G7948","FRA",2080022150,36,0.75,0
"1361","G7950","FRA",2080022150,25,0.714285714285714,0
"1362","G7968","FRA",2080023010,100,0.526315789473684,0
"1363","G7971","FRA",2080016510,81,0.6,0
"1364","G7972","FRA",2080016750,100,0.526315789473684,0
"1365","G7976","FRA",2080016600,64,0.888888888888889,0
"1366","G7977","FRA",2080016600,36,1,0
"1367","G7981","FRA",2080020590,169,1,0
"1368","G7982","FRA",2080016510,121,0.916666666666667,0
"1369","G7986","FRA",2080016510,100,1,0
"1370","G7987","FRA",2080021030,144,0.631578947368421,0
"1371","G7989","FRA",2080020590,64,0.888888888888889,0
"1372","G7990","FRA",2080020590,121,0.916666666666667,0
"1373","G7992","FRA",2080020590,25,1,0
"1374","G7996","FRA",2080016690,74,1,0
"1375","G8000","FRA",2080016640,36,0.857142857142857,0
"1376","G8004","FRA",2080016640,121,0.647058823529412,0
"1377","G8015","FRA",2080016680,25,1,0
"1378","G8019","FRA",2080020590,25,1,0
"1379","G8049","FRA",2080016680,25,0.833333333333333,0
"1380","G8064","FRA",2080020460,225,0.833333333333333,0
"1381","G8065","FRA",2080020590,196,0.736842105263158,0
"1382","G8066","FRA",2080020620,196,0.777777777777778,0
"1383","G8067","FRA",2080020590,49,1,0
"1384","G8069","FRA",2080023010,225,0.789473684210526,0
"1385","G8070","FRA",2080020620,49,1,0
"1386","G8071","FRA",2080020620,196,0.736842105263158,0
"1387","G8073","FRA",2080020620,36,0.315789473684211,0
"1388","G8074","FRA",2080020620,64,1,0
"1389","G8075","FRA",2080020620,64,0.421052631578947,0
"1390","G8077","FRA",2080020620,49,0.875,0
"1391","G8078","FRA",2080020620,64,0.444444444444444,0
"1392","G8081","FRA",2080020620,49,0.4375,0
"1393","G8088","FRA",2080021030,25,1,0
"1394","G8089","FRA",2080021030,25,1,0
"1395","G8090","FRA",2080021030,36,0.375,0
"1396","G8091","FRA",2080021030,144,0.705882352941177,0
"1397","G8092","FRA",2080021030,100,0.588235294117647,0
"1398","G8094","FRA",2080021030,49,0.4375,0
"1399","G8096","FRA",2080021030,144,0.75,0
"1400","G8101","FRA",2080023010,100,0.555555555555556,0
"1401","G8117","FRA",2080023010,542,0.725432462274567,0
"1402","G8119","FRA",2080021030,36,0.333333333333333,0
"1403","G8121","FRA",2080022970,121,0.611111111111111,0
"1404","G8122","FRA",2080022970,196,0.736842105263158,0
"1405","G8124","FRA",2080022150,36,0.857142857142857,0
"1406","G8125","FRA",2080022150,25,0.833333333333333,0
"1407","G8126","FRA",2080022150,196,0.777777777777778,0
"1408","G8127","FRA",2080022970,125,0.75,0
"1409","G8128","FRA",2080023010,169,0.764705882352941,0
"1410","G8134","FRA",2080023010,64,0.615384615384615,0
"1411","G8140","FRA",2080023010,425,0.883493914807302,0
"1412","G8141","FRA",2080023010,98,0.9375,0
"1413","G8142","FRA",2080023010,113,0.941666666666667,0
"1414","G8143","FRA",2080023010,637,0.814027149321267,1
"1415","G8145","FRA",2080023010,144,0.6,0
"1416","G8148","FRA",2080023010,130,0.902777777777778,0
"1417","G8168","FRA",2080023010,64,0.571428571428571,0
"1418","G8169","FRA",2080022970,64,1,0
"1419","G8170","FRA",2080023010,81,0.5,0
"1420","G8173","FRA",2080023010,144,0.705882352941177,0
"1421","G8174","FRA",2080023010,25,0.714285714285714,0
"1422","G8175","FRA",2080023010,121,0.705263157894737,0
"1423","G8176","FRA",2080023010,121,0.578947368421053,0
"1424","G8178","FRA",2080022970,196,0.736842105263158,0
"1425","G8179","FRA",2080023010,121,0.611111111111111,0
"1426","G8180","FRA",2080023010,130,1,0
"1427","G8181","FRA",2080023010,324,0.9,0
"1428","G8182","FRA",2080023010,49,1,0
"1429","G8184","FRA",2080023010,144,0.631578947368421,0
"1430","G8185","FRA",2080023010,49,0.466666666666667,0
"1431","G8186","FRA",2080023010,64,0.533333333333333,0
"1432","G8187","FRA",2080023010,36,0.857142857142857,0
"1433","G8188","FRA",2080023010,49,1,0
"1434","G8196","FRA",2080023010,25,0.555555555555556,0
"1435","G8205","FRA",2080023010,100,0.5,0
"1436","G8215","FRA",2080023010,169,0.619047619047619,0
"1437","G8241","FRA",2080020330,361,1,0
"1438","G8243","FRA",2080020460,25,1,0
"1439","G8244","FRA",2080020330,324,0.947368421052632,0
"1440","G8245","FRA",2080020330,361,1,0
"1441","G8247","FRA",2080020420,289,0.894736842105263,0
"1442","G8248","FRA",2080020330,49,1,0
"1443","G8249","FRA",2080020330,49,1,0
"1444","G8250","FRA",2080020330,64,0.8,1
"1445","G8256","FRA",2080020590,25,1,0
"1446","G8257","FRA",2080020590,25,1,0
"1447","G8259","FRA",2080020590,256,0.888888888888889,0
"1448","G8260","FRA",2080020590,121,0.6875,0
"1449","G8264","FRA",2080020590,25,1,0
"1450","G8265","FRA",2080020590,81,0.5,0
"1451","G8266","FRA",2080020590,256,0.888888888888889,0
"1452","G8267","FRA",2080020590,49,1,0
"1453","G8268","FRA",2080020590,25,0.625,0
"1454","G8269","FRA",2080020590,49,1,0
"1455","G8272","FRA",2080020620,25,0.416666666666667,0
"1456","G8274","FRA",2080020590,49,1,0
"1457","G8275","FRA",2080020590,256,0.888888888888889,0
"1458","G8276","FRA",2080020590,25,0.833333333333333,0
"1459","G8278","FRA",2080020590,25,0.625,0
"1460","G8281","FRA",2080020590,36,1,0
"1461","G8282","FRA",2080020590,49,0.466666666666667,0
"1462","G8293","FRA",2080020590,289,1,0
"1463","G8294","FRA",2080020590,25,0.833333333333333,0
"1464","G8297","FRA",2080020590,36,0.857142857142857,0
"1465","G8300","FRA",2080020590,64,0.533333333333333,0
"1466","G8301","FRA",2080020590,144,0.923076923076923,0
"1467","G8306","FRA",2080020590,196,1,0
"1468","G8312","FRA",2080020330,36,0.857142857142857,0
"1469","G8314","FRA",2080020590,36,1,0
"1470","G8315","FRA",2080020590,144,0.631578947368421,0
"1471","G8316","FRA",2080020590,36,0.75,0
"1472","G8317","FRA",2080020590,144,0.631578947368421,1
"1473","G8318","FRA",2080020330,36,1,0
"1474","G8320","FRA",2080020590,169,0.684210526315789,0
"1475","G8321","FRA",2080020590,25,1,0
"1476","G8322","FRA",2080020590,81,0.9,0
"1477","G8325","FRA",2080020330,169,0.722222222222222,0
"1478","G8327","FRA",2080020330,25,0.833333333333333,0
"1479","G8328","FRA",2080020330,121,0.733333333333333,0
"1480","G8343","FRA",2080020590,25,1,0
"1481","G8349","FRA",2080023010,144,0.6,0
"1482","G8385","FRA",2080020590,64,1,0
"1483","G8387","FRA",2080020590,49,1,0
"1484","G8389","FRA",2080022770,61,0.924242424242424,0
"1485","G8390","FRA",2080020590,169,0.8125,0
"1486","G8392","FRA",2080022770,25,0.833333333333333,0
"1487","G8393","FRA",2080022970,49,0.636363636363636,0
"1488","G8396","FRA",2080020590,81,0.473684210526316,0
"1489","G8397","FRA",2080022540,25,1,0
"1490","G8398","FRA",2080022460,121,0.578947368421053,0
"1491","G8400","FRA",2080022460,25,0.3125,0
"1492","G8402","FRA",2080022770,64,0.533333333333333,0
"1493","G8404","FRA",2080022770,25,0.833333333333333,0
"1494","G8410","FRA",2080022470,36,0.666666666666667,0
"1495","G8412","FRA",2080020590,36,1,0
"1496","G8416","FRA",2080022770,25,0.5,0
"1497","G8425","FRA",2080020590,196,0.777777777777778,0
"1498","G8427","FRA",2080020590,225,0.833333333333333,0
"1499","G8434","FRA",2080021030,100,0.666666666666667,0
"1500","G8435","FRA",2080021030,256,0.941176470588235,0
"1501","G8436","FRA",2080021030,64,1,0
"1502","G8437","FRA",2080021030,64,0.571428571428571,0
"1503","G8438","FRA",2080021030,196,0.736842105263158,0
"1504","G8439","FRA",2080021030,400,0.952380952380952,0
"1505","G8440","FRA",2080021030,196,0.666666666666667,0
"1506","G8441","FRA",2080021030,256,0.941176470588235,0
"1507","G8442","FRA",2080021030,169,0.928571428571429,0
"1508","G8443","FRA",2080021030,25,1,0
"1509","G8444","FRA",2080021030,36,0.545454545454545,0
"1510","G8445","FRA",2080020830,49,0.411764705882353,0
"1511","G8447","FRA",2080020790,81,0.75,0
"1512","G8449","FRA",2080020910,81,0.529411764705882,0
"1513","G8451","FRA",2080020840,64,0.470588235294118,0
"1514","G8453","FRA",2080021030,144,0.705882352941177,0
"1515","G8454","FRA",2080021030,289,0.944444444444444,0
"1516","G8455","FRA",2080021030,169,0.866666666666667,0
"1517","G8457","FRA",2080021030,64,1,0
"1518","G8459","FRA",2080023010,25,1,0
"1519","G8461","FRA",2080021110,49,0.5,0
"1520","G8462","FRA",2080021030,36,0.545454545454545,0
"1521","G8463","FRA",2080021030,144,0.857142857142857,0
"1522","G8464","FRA",2080021030,121,0.578947368421053,0
"1523","G8466","FRA",2080021030,169,0.8125,0
"1524","G8467","FRA",2080021030,144,0.666666666666667,0
"1525","G8468","FRA",2080021030,36,1,0
"1526","G8478","FRA",2080021030,25,1,0
"1527","G8500","FRA",2080020330,289,0.894736842105263,0
"1528","G8503","FRA",2080020330,25,0.454545454545455,0
"1529","G8507","FRA",2080020330,361,1,0
"1530","G8508","FRA",2080020330,169,0.928571428571429,0
"1531","G8509","FRA",2080020330,289,0.894736842105263,0
"1532","G8510","FRA",2080020330,100,1,0
"1533","G8513","FRA",2080022380,117,0.660504201680672,0
"1534","G8514","FRA",2080022380,49,0.7,0
"1535","G8515","FRA",2080022150,49,1,0
"1536","G8517","FRA",2080022150,25,1,0
"1537","G8518","FRA",2080022150,81,0.6,0
"1538","G8519","FRA",2080022150,64,0.571428571428571,0
"1539","G8521","FRA",2080022150,85,0.565850815850816,0
"1540","G8522","FRA",2080022150,36,1,0
"1541","G8525","FRA",2080022150,36,0.6,0
"1542","G8526","FRA",2080022150,25,1,0
"1543","G8528","FRA",2080022150,100,0.588235294117647,0
"1544","G8553","FRA",2080023010,36,1,0
"1545","G8554","FRA",2080020730,256,0.842105263157895,0
"1546","G8556","FRA",2080021030,196,0.777777777777778,0
"1547","G8557","FRA",2080021030,289,0.944444444444444,0
"1548","G8558","FRA",2080021030,169,0.722222222222222,0
"1549","G8560","FRA",2080021030,25,1,0
"1550","G8561","FRA",2080021030,25,1,0
"1551","G8567","FRA",2080020730,50,0.8125,0
"1552","G8568","FRA",2080020790,61,0.742424242424242,0
"1553","G8569","FRA",2080021030,50,0.8125,0
"1554","G8570","FRA",2080020790,36,1,0
"1555","G8571","FRA",2080021030,36,1,0
"1556","G8572","FRA",2080021030,25,1,0
"1557","G8574","FRA",2080020770,36,1,0
"1558","G8575","FRA",2080020730,225,0.882352941176471,0
"1559","G8576","FRA",2080021030,36,0.857142857142857,0
"1560","G8577","FRA",2080020730,36,0.857142857142857,0
"1561","G8578","FRA",2080020730,49,1,0
"1562","G8581","FRA",2080021030,25,0.833333333333333,0
"1563","G8612","FRA",2080020590,25,1,0
"1564","G8614","FRA",2080016510,289,0.894736842105263,0
"1565","G8619","FRA",2080016290,49,1,0
"1566","G8626","FRA",2080016510,256,0.888888888888889,0
"1567","G8627","FRA",2080016510,49,0.875,0
"1568","G8628","FRA",2080016460,25,1,0
"1569","G8630","FRA",2080016510,64,0.727272727272727,0
"1570","G8631","FRA",2080016510,64,0.888888888888889,0
"1571","G8633","FRA",2080016510,49,0.777777777777778,0
"1572","G8636","FRA",2080016510,64,0.888888888888889,0
"1573","G8642","FRA",2080016510,144,0.571428571428571,0
"1574","G8643","FRA",2080016510,36,0.461538461538462,0
"1575","G8645","FRA",2080016510,25,0.454545454545455,0
"1576","G8647","FRA",2080016400,130,0.799107142857143,0
"1577","G8648","FRA",2080016350,113,0.882407407407407,0
"1578","G8649","FRA",2080016350,98,0.888888888888889,0
"1579","G8653","FRA",2080016350,81,0.9,0
"1580","G8662","FRA",2080016510,36,1,0
"1581","G8674","FRA",2080016510,36,1,0
"1582","G8677","FRA",2080021030,121,0.647058823529412,0
"1583","G8680","FRA",2080016510,81,0.5625,0
"1584","G8688","FRA",2080016510,25,1,0
"1585","G8690","FRA",2080021030,100,0.555555555555556,0
"1586","G8692","FRA",2080016510,36,0.352941176470588,0
"1587","G8694","FRA",2080016510,36,0.375,0
"1588","G8696","FRA",2080016510,289,1,0
"1589","G8697","FRA",2080016510,289,1,0
"1590","G8701","FRA",2080016510,25,1,0
"1591","G8702","FRA",2080016510,25,1,0
"1592","G8703","FRA",2080016510,36,1,0
"1593","G8708","FRA",2080016510,196,1,0
"1594","G8715","FRA",2080016510,81,0.529411764705882,0
"1595","G8716","FRA",2080021030,36,0.375,0
"1596","G8718","FRA",2080021030,25,1,0
"1597","G8722","FRA",2080016510,196,1,0
"1598","G8724","FRA",2080023010,401,0.626152832674572,0
"1599","G8725","FRA",2080016510,49,0.636363636363636,0
"1600","G8726","FRA",2080016510,25,1,0
"1601","G8813","FRA",2080016510,36,1,0
"1602","G8933","BRA",6080016970,144,0.923076923076923,0
"1603","G8974","USA",7080013550,196,1,0
"1604","G8975","USA",7080013550,196,1,0
"1605","G8976","USA",7080013550,169,0.928571428571429,0
"1606","G9014","CAN",7080034520,533,0.967016491754123,0
"1607","G9065","CAN",7080034520,89,0.935897435897436,0
"1608","G9066","CAN",7080034520,146,0.509633458646617,0
"1609","G9067","CAN",7080034520,192,0.888888888888889,0
"1610","G9068","CAN",7080034520,226,0.965811965811966,0
"1611","G9128","SWE",2080032600,529,0.92,0
"1612","G9152","SWE",2080031490,100,0.769230769230769,0
"1613","G9162","SWE",2080031490,25,0.833333333333333,0
"1614","G9163","SWE",2080032650,196,0.933333333333333,0
"1615","G9166","SWE",2080031490,64,1,0
"1616","G9168","SWE",2080031490,49,0.875,0
"1617","G9171","SWE",2080031490,25,0.357142857142857,0
"1618","G9177","SWE",2080032650,121,0.785714285714286,0
"1619","G9190","SWE",2080031490,49,1,0
"1620","G9196","SWE",2080032600,576,0.888888888888889,0
"1621","G9202","SWE",2080031490,64,0.727272727272727,0
"1622","G9206","SWE",2080031490,225,0.714285714285714,0
"1623","G9210","SWE",2080032410,36,0.666666666666667,0
"1624","G9260","SWE",2080031310,121,1,0
"1625","G9261","SWE",2080031310,121,1,0
"1626","G9262","SWE",2080031310,49,1,0
"1627","G9275","SWE",2080031310,225,1,0
"1628","G9276","SWE",2080031310,256,1,0
"1629","G9278","SWE",2080031310,225,1,0
"1630","G9296","SWE",2080031490,100,0.588235294117647,0
"1631","G9298","SWE",2080031490,81,0.529411764705882,0
"1632","G9310","SWE",2080031410,100,0.909090909090909,0
"1633","G9312","SWE",2080031410,466,0.634558989397699,0
"1634","G9313","SWE",2080031410,81,0.5625,0
"1635","G9314","SWE",2080031410,25,0.833333333333333,0
"1636","G9326","SWE",2080031410,25,0.625,0
"1637","G9327","SWE",2080031410,361,0.633333333333333,0
"1638","G9329","SWE",2080031410,281,0.746031746031746,0
"1639","G9333","SWE",2080031410,49,1,0
"1640","G934","CIV",1080023890,169,0.928571428571429,0
"1641","G9345","SWE",2080031490,36,0.75,0
"1642","G9346","SWE",2080031410,121,1,0
"1643","G935","CIV",1080023890,244,0.812834224598931,0
"1644","G9357","SWE",2080031070,81,0.5625,0
"1645","G9358","SWE",2080031070,64,0.533333333333333,0
"1646","G936","CIV",1080023950,425,0.967545638945233,0
"1647","G9363","SWE",2080031160,64,0.421052631578947,0
"1648","G9364","SWE",2080031160,36,0.333333333333333,0
"1649","G9365","SWE",2080031160,121,0.478260869565217,0
"1650","G9366","SWE",2080031160,144,0.5,0
"1651","G9367","SWE",2080031160,100,0.476190476190476,0
"1652","G937","CIV",1080024070,85,1,0
"1653","G9378","SWE",2080031210,100,0.588235294117647,0
"1654","G9379","SWE",2080031210,81,0.5,0
"1655","G9382","SWE",2080031160,36,0.375,0
"1656","G9383","SWE",2080031210,36,0.333333333333333,0
"1657","G9384","SWE",2080031160,36,0.333333333333333,0
"1658","G9387","SWE",2080031160,144,0.705882352941177,0
"1659","G9388","SWE",2080031160,196,0.736842105263158,0
"1660","G9389","SWE",2080031160,196,0.933333333333333,0
"1661","G9390","SWE",2080031160,121,0.916666666666667,0
"1662","G9391","SWE",2080031160,196,0.933333333333333,0
"1663","G9392","SWE",2080031210,49,0.636363636363636,0
"1664","G9393","SWE",2080031210,100,0.769230769230769,0
"1665","G9396","SWE",2080031210,100,0.833333333333333,0
"1666","G9407","SWE",2080032970,121,0.785714285714286,0
"1667","G9418","SWE",2080031160,49,0.875,0
"1668","G9419","SWE",2080031160,146,0.701923076923077,0
"1669","G942","USA",7080047060,486,0.975877192982456,0
"1670","G9421","SWE",2080031160,121,0.647058823529412,0
"1671","G9422","SWE",2080031160,64,1,0
"1672","G9423","SWE",2080031160,121,0.647058823529412,0
"1673","G9426","SWE",2080031060,64,1,0
"1674","G9439","SWE",2080031060,64,0.888888888888889,0
"1675","G9441","SWE",2080031060,25,1,0
"1676","G9443","SWE",2080031060,81,0.45,0
"1677","G9444","SWE",2080031060,100,0.454545454545455,0
"1678","G9452","SWE",2080030830,64,0.615384615384615,0
"1679","G9454","SWE",2080030880,64,0.615384615384615,0
"1680","G9455","SWE",2080030880,100,0.434782608695652,0
"1681","G9456","SWE",2080030880,100,0.526315789473684,0
"1682","G9460","SWE",2080030770,81,0.529411764705882,0
"1683","G9461","SWE",2080030770,25,0.5,0
"1684","G9463","SWE",2080030770,49,0.466666666666667,0
"1685","G9464","SWE",2080030770,121,0.55,0
"1686","G9466","SWE",2080030760,64,1,0
"1687","G9468","SWE",2080030710,529,0.821428571428571,0
"1688","G9473","SWE",2080030710,100,1,0
"1689","G9475","SWE",2080030710,196,0.933333333333333,0
"1690","G9476","SWE",2080030710,441,0.75,1
"1691","G9477","SWE",2080030710,256,0.727272727272727,0
"1692","G9478","SWE",2080030710,256,0.727272727272727,0
"1693","G9479","SWE",2080030710,441,0.807692307692308,0
"1694","G948","USA",7080047060,81,1,0
"1695","G9481","SWE",2080030660,169,0.8125,0
"1696","G9484","SWE",2080030710,576,0.923076923076923,0
"1697","G9486","SWE",2080030660,121,0.846153846153846,0
"1698","G9487","SWE",2080030760,225,0.882352941176471,0
"1699","G9488","SWE",2080030760,361,0.904761904761905,0
"1700","G9489","SWE",2080030660,64,1,0
"1701","G949","USA",7080047060,25,0.555555555555556,0
"1702","G9490","SWE",2080030760,169,0.928571428571429,0
"1703","G9492","SWE",2080030660,100,0.909090909090909,0
"1704","G9494","SWE",2080030710,121,0.733333333333333,0
"1705","G9495","SWE",2080030710,256,0.727272727272727,0
"1706","G9496","SWE",2080030660,25,0.625,0
"1707","G9498","SWE",2080030710,169,0.565217391304348,1
"1708","G950","USA",7080047060,256,1,0
"1709","G9500","SWE",2080030660,576,0.96,0
"1710","G9502","SWE",2080030660,100,0.909090909090909,0
"1711","G9503","SWE",2080030710,144,0.923076923076923,0
"1712","G9504","SWE",2080030710,144,0.923076923076923,0
"1713","G9505","SWE",2080030660,529,0.958333333333333,1
"1714","G9507","SWE",2080030660,529,0.958333333333333,1
"1715","G9508","SWE",2080030660,361,0.95,0
"1716","G951","USA",7080047060,225,1,0
"1717","G9514","SWE",2080030660,49,0.35,0
"1718","G9515","SWE",2080030660,100,0.909090909090909,0
"1719","G9518","SWE",2080030660,484,0.956521739130435,1
"1720","G9522","SWE",2080030660,64,0.727272727272727,0
"1721","G9523","SWE",2080030660,144,0.8,0
"1722","G9525","SWE",2080030710,169,0.866666666666667,0
"1723","G9526","SWE",2080030710,529,0.92,0
"1724","G9527","SWE",2080030660,361,0.826086956521739,0
"1725","G9528","SWE",2080030710,169,1,0
"1726","G9529","SWE",2080030710,225,0.681818181818182,1
"1727","G9530","SWE",2080030710,576,0.96,0
"1728","G9531","SWE",2080030660,441,0.954545454545455,0
"1729","G9532","SWE",2080030660,400,0.869565217391304,0
"1730","G9533","SWE",2080030710,484,0.88,0
"1731","G9535","SWE",2080030760,256,0.727272727272727,0
"1732","G9536","SWE",2080031160,49,0.388888888888889,0
"1733","G9537","SWE",2080030660,225,0.652173913043478,0
"1734","G9538","SWE",2080030760,121,1,0
"1735","G9540","SWE",2080030630,144,0.857142857142857,0
"1736","G9541","SWE",2080030650,529,0.884615384615385,0
"1737","G9542","SWE",2080030650,625,0.892857142857143,0
"1738","G9543","SWE",2080030630,121,0.916666666666667,0
"1739","G9544","SWE",2080030650,484,0.88,0
"1740","G9548","SWE",2080030660,225,0.9375,0
"1741","G9549","SWE",2080030660,256,0.727272727272727,0
"1742","G9551","SWE",2080030660,529,0.958333333333333,1
"1743","G9553","SWE",2080030760,25,1,0
"1744","G9555","SWE",2080030760,121,0.916666666666667,0
"1745","G9558","SWE",2080030760,441,0.875,0
"1746","G9560","SWE",2080030650,25,0.416666666666667,0
"1747","G9561","SWE",2080030650,400,0.952380952380952,0
"1748","G9562","SWE",2080030610,400,0.909090909090909,0
"1749","G9564","SWE",2080030610,529,1,1
"1750","G9566","SWE",2080030650,441,1,0
"1751","G9568","SWE",2080030710,400,0.8,0
"1752","G9569","SWE",2080030650,361,0.904761904761905,1
"1753","G9570","SWE",2080030630,400,0.909090909090909,0
"1754","G9571","SWE",2080030710,36,1,0
"1755","G9572","SWE",2080030610,100,0.833333333333333,0
"1756","G9573","SWE",2080030760,361,0.826086956521739,0
"1757","G9575","SWE",2080030710,400,0.8,0
"1758","G9576","SWE",2080030660,225,1,0
"1759","G9577","SWE",2080030660,289,0.80952380952381,0
"1760","G9578","SWE",2080030630,144,0.923076923076923,0
"1761","G9583","SWE",2080030610,25,0.833333333333333,0
"1762","G9584","SWE",2080030710,49,1,0
"1763","G9586","SWE",2080030710,196,0.666666666666667,0
"1764","G9587","SWE",2080030760,196,0.666666666666667,0
"1765","G9589","SWE",2080030710,361,0.791666666666667,0
"1766","G9590","SWE",2080030710,25,1,0
"1767","G9591","SWE",2080030610,400,0.909090909090909,0
"1768","G9594","SWE",2080030710,484,0.88,0
"1769","G9599","SWE",2080030610,36,0.75,0
"1770","G9600","SWE",2080030610,121,0.846153846153846,0
"1771","G9602","SWE",2080030630,256,0.888888888888889,0
"1772","G9605","SWE",2080030650,100,0.526315789473684,0
"1773","G9609","SWE",2080030610,625,0.961538461538462,0
"1774","G9610","SWE",2080030630,225,0.75,0
"1775","G9612","SWE",2080030610,36,0.857142857142857,0
"1776","G9613","SWE",2080030610,64,0.666666666666667,0
"1777","G9614","SWE",2080030630,81,0.642857142857143,0
"1778","G9615","SWE",2080030610,289,0.772727272727273,0
"1779","G9616","SWE",2080030610,25,0.384615384615385,0
"1780","G9617","SWE",2080030610,100,1,0
"1781","G9618","SWE",2080030610,576,1,0
"1782","G9619","SWE",2080030610,121,0.846153846153846,0
"1783","G9620","SWE",2080030570,136,0.59919028340081,0
"1784","G9624","SWE",2080030630,64,0.615384615384615,0
"1785","G9626","SWE",2080030570,149,0.583504730563554,0
"1786","G9631","SWE",2080030610,441,0.84,0
"1787","G9632","SWE",2080030610,441,0.84,0
"1788","G9633","SWE",2080030610,484,0.88,0
"1789","G9635","SWE",2080030610,169,0.65,0
"1790","G9636","SWE",2080030650,49,0.411764705882353,0
"1791","G9638","SWE",2080030570,130,0.599431818181818,0
"1792","G9639","SWE",2080030570,113,0.59859649122807,0
"1793","G9640","SWE",2080030570,145,0.537638831756479,0
"1794","G9641","SWE",2080030610,36,1,0
"1795","G9642","SWE",2080030610,100,0.769230769230769,0
"1796","G9643","SWE",2080030610,576,0.923076923076923,0
"1797","G9644","SWE",2080030570,145,0.537638831756479,0
"1798","G9645","SWE",2080030570,145,0.593048128342246,0
"1799","G9646","SWE",2080030610,25,1,0
"1800","G9649","SWE",2080030610,25,1,0
"1801","G965","USA",7080047060,117,0.785714285714286,0
"1802","G9651","SWE",2080030650,81,0.5625,0
"1803","G9652","SWE",2080030610,100,0.909090909090909,0
"1804","G9656","SWE",2080030610,100,0.909090909090909,0
"1805","G9657","SWE",2080030650,144,0.6,0
"1806","G9659","SWE",2080030610,484,0.88,0
"1807","G9661","SWE",2080030610,81,0.692307692307692,0
"1808","G9662","SWE",2080030610,25,1,0
"1809","G9663","SWE",2080032980,64,1,0
"1810","G9664","SWE",2080030610,121,0.6875,0
"1811","G9665","SWE",2080030610,441,0.84,0
"1812","G9666","SWE",2080030610,625,1,0
"1813","G9669","SWE",2080030610,64,0.888888888888889,0
"1814","G9670","SWE",2080030610,625,0.961538461538462,0
"1815","G9673","SWE",2080030560,256,0.727272727272727,0
"1816","G9674","SWE",2080030610,441,0.875,0
"1817","G9676","SWE",2080030560,256,0.761904761904762,0
"1818","G9677","SWE",2080030610,441,0.84,0
"1819","G9678","SWE",2080030610,121,0.846153846153846,0
"1820","G9679","SWE",2080030610,144,0.923076923076923,0
"1821","G9680","SWE",2080030610,169,0.684210526315789,1
"1822","G9681","SWE",2080030610,441,0.84,0
"1823","G9682","SWE",2080030610,144,0.571428571428571,0
"1824","G9684","SWE",2080030610,225,0.6,0
"1825","G9685","SWE",2080031060,196,0.636363636363636,0
"1826","G9686","SWE",2080030650,36,0.666666666666667,0
"1827","G9687","SWE",2080031060,289,0.772727272727273,0
"1828","G969","USA",7080047060,25,0.333333333333333,0
"1829","G9690","SWE",2080031060,289,0.85,0
"1830","G9692","SWE",2080030610,225,0.625,0
"1831","G9694","SWE",2080030560,225,0.789473684210526,0
"1832","G9697","SWE",2080032980,49,1,0
"1833","G9698","SWE",2080030560,49,0.777777777777778,0
"1834","G9699","SWE",2080030560,484,0.916666666666667,0
"1835","G970","USA",7080047060,81,0.5625,0
"1836","G9700","SWE",2080030560,529,0.92,0
"1837","G9702","SWE",2080031060,400,0.909090909090909,0
"1838","G9704","SWE",2080030560,484,0.88,0
"1839","G9705","SWE",2080030650,36,0.666666666666667,0
"1840","G9707","SWE",2080030560,324,0.818181818181818,0
"1841","G9708","SWE",2080030560,324,0.9,0
"1842","G9709","SWE",2080030560,289,0.85,0
"1843","G9710","SWE",2080030560,400,0.869565217391304,0
"1844","G9712","SWE",2080030560,400,0.869565217391304,0
"1845","G9713","SWE",2080030560,256,0.727272727272727,0
"1846","G9716","SWE",2080030560,81,1,0
"1847","G9720","SWE",2080030560,121,0.6875,0
"1848","G9730","SWE",2080030650,81,0.5625,0
"1849","G9732","SWE",2080030480,25,0.555555555555556,0
"1850","G9734","SWE",2080030480,25,0.555555555555556,0
"1851","G9736","SWE",2080030480,100,0.485714285714286,0
"1852","G9741","SWE",2080030560,144,1,0
"1853","G9757","SWE",2080030460,36,0.6,0
"1854","G9758","SWE",2080030460,36,0.75,0
"1855","G9760","SWE",2080030460,25,0.625,0
"1856","G9762","SWE",2080030460,49,0.777777777777778,0
"1857","G9763","SWE",2080032980,49,1,0
"1858","G9768","SWE",2080031060,136,0.680681818181818,0
"1859","G9770","SWE",2080031060,170,0.696296296296296,0
"1860","G9775","SWE",2080032990,676,0.896551724137931,0
"1861","G9777","SWE",2080030460,25,0.714285714285714,0
"1862","G9778","SWE",2080030650,144,0.6,0
"1863","G9779","SWE",2080031060,74,0.475328947368421,0
"1864","G9780","SWE",2080030460,36,0.75,0
"1865","G9783","SWE",2080031060,81,0.45,0
"1866","G9784","SWE",2080030460,36,0.75,0
"1867","G9787","SWE",2080030460,36,0.272727272727273,0
"1868","G9793","SWE",2080030460,36,0.666666666666667,0
"1869","G9796","SWE",2080030460,100,0.909090909090909,0
"1870","G9797","SWE",2080030460,49,0.875,0
"1871","G9799","SWE",2080030430,400,0.869565217391304,0
"1872","G9801","SWE",2080032990,256,0.941176470588235,0
"1873","G9802","SWE",2080030370,361,0.904761904761905,1
"1874","G9805","SWE",2080030430,324,0.9,0
"1875","G9809","SWE",2080030420,181,0.495280320366133,0
"1876","G981","USA",7080047060,36,0.6,0
"1877","G9812","SWE",2080030420,81,0.692307692307692,0
"1878","G9815","SWE",2080032980,36,1,0
"1879","G9816","SWE",2080030420,145,0.467557932263815,0
"1880","G9821","SWE",2080030420,164,0.508838383838384,0
"1881","G9825","SWE",2080030420,85,0.574725274725275,0
"1882","G9826","SWE",2080030420,225,0.75,0
"1883","G9827","SWE",2080030420,144,0.6,0
"1884","G9828","SWE",2080030420,121,0.55,1
"1885","G9829","SWE",2080032990,36,0.857142857142857,0
"1886","G9830","SWE",2080030420,81,0.75,0
"1887","G9831","SWE",2080030420,193,0.511020113212092,0
"1888","G9832","SWE",2080030650,361,0.95,0
"1889","G9833","SWE",2080030650,49,1,0
"1890","G9834","SWE",2080030370,169,0.866666666666667,0
"1891","G9835","SWE",2080030650,49,0.875,0
"1892","G9838","SWE",2080030370,64,0.8,0
"1893","G984","USA",7080047060,100,0.833333333333333,0
"1894","G9840","SWE",2080030420,256,0.842105263157895,0
"1895","G9843","SWE",2080030650,81,0.642857142857143,0
"1896","G9846","SWE",2080030650,25,0.833333333333333,0
"1897","G9847","SWE",2080030420,400,0.909090909090909,0
"1898","G9848","SWE",2080030420,441,0.91304347826087,0
"1899","G9849","SWE",2080030370,100,0.833333333333333,0
"1900","G9850","SWE",2080030370,157,0.604660045836516,0
"1901","G9852","SWE",2080030650,256,0.8,0
"1902","G9854","SWE",2080030650,121,0.611111111111111,0
"1903","G9856","SWE",2080030370,100,0.833333333333333,0
"1904","G9857","SWE",2080030650,100,0.625,0
"1905","G9858","SWE",2080030370,100,0.833333333333333,0
"1906","G9860","SWE",2080030370,49,0.875,0
"1907","G9861","SWE",2080030370,81,0.75,0
"1908","G9863","SWE",2080030370,180,0.624242424242424,0
"1909","G9865","SWE",2080032500,49,0.411764705882353,0
"1910","G9868","SWE",2080030370,361,0.863636363636364,0
"1911","G9870","SWE",2080030370,208,0.608,0
"1912","G9874","SWE",2080030370,25,0.625,0
"1913","G9876","SWE",2080030650,81,0.45,0
"1914","G9878","SWE",2080030370,233,0.629960317460317,0
"1915","G9879","SWE",2080030370,256,0.842105263157895,0
"1916","G9880","SWE",2080030370,225,0.611428571428571,0
"1917","G9881","SWE",2080030650,121,0.578947368421053,0
"1918","G9882","SWE",2080030370,256,0.842105263157895,0
"1919","G9884","SWE",2080030650,100,0.625,0
"1920","G9885","SWE",2080030650,64,0.727272727272727,0
"1921","G9886","SWE",2080030370,121,0.55,0
"1922","G9887","SWE",2080032990,225,0.833333333333333,0
"1923","G9893","SWE",2080030370,100,0.833333333333333,0
"1924","G9894","SWE",2080030650,81,0.818181818181818,0
"1925","G9896","SWE",2080030650,25,0.5,0
"1926","G9897","SWE",2080030420,113,0.476691729323308,0
"1927","G9898","SWE",2080030650,64,0.727272727272727,0
"1928","G9899","SWE",2080032990,225,0.789473684210526,0
"1929","G9900","SWE",2080030420,100,0.510204081632653,0
"1930","G9901","SWE",2080030420,162,0.495652173913044,0
"1931","G9905","SWE",2080030370,144,0.857142857142857,0
"1932","G9908","SWE",2080030420,113,0.476691729323308,0
"1933","G9910","SWE",2080030420,25,0.625,0
"1934","G992","USA",7080047060,117,0.85,0
"1935","G9921","SWE",2080030420,74,0.475328947368421,0
"1936","G9924","SWE",2080030370,121,0.846153846153846,0
"1937","G9925","SWE",2080030420,145,0.485485103132162,0
"1938","G9929","SWE",2080030370,100,0.833333333333333,0
"1939","G9932","SWE",2080030420,25,0.625,0
"1940","G9937","SWE",2080030420,81,0.818181818181818,0
"1941","G9954","SWE",2080030340,36,0.75,0
"1942","G9972","SWE",2080032500,225,0.833333333333333,0
"1943","G998","USA",7080047060,361,0.95,0
"1944","G9982","SWE",2080030340,25,0.833333333333333,0
"1945","G9986","SWE",2080030340,25,0.833333333333333,0
"1946","G999","USA",7080047060,144,1,0
"1947","G9991","SWE",2080030650,121,0.916666666666667,0
"1948","G9992","SWE",2080030650,121,1,0
"1949","G9993","SWE",2080030650,121,1,0
"1950","G9995","SWE",2080030340,36,0.857142857142857,0
"1951","G9996","SWE",2080030340,25,0.833333333333333,0
