"","VEp","REs","OGp","BLs","PFv","PFs","CPt","troph_level","logMBl","logBEl","logRMl","Species"
"1",0.546875558,0.341575092,0.512381063,0.398473812,0.36893787,0.194460833,3.01447933,3.05,4.40671924726425,0.934646216878577,0.934646216878577,"Abramis brama"
"2",0.616108251,0.44198177,0.560704125,0.548239631,0.193728844,0.168093255,4.340981595,4.3,3.29583686600433,1.45619766557028,1.45619766557028,"Acestrorhynchus lacustris"
"3",0.556195819,0.454465121,0.506526585,0.517677121,0.202195925,0.182729549,3.95635534,4.3,3.56104608260405,1.42987848281226,1.42987848281226,"Acestrorhynchus pantaneiro"
"4",0.429329131,0.288916469,0,0.510963353,0,0.157251327,4.662817348,3.27999997138977,5.61312810638807,1.90465155671034,1.90465155671034,"Acipenser fulvescens"
"5",0.262068614,0.193794643,0,0.407594356,0,0.16240453,4.486984957,3.25,6.41345895716736,1.76266869048143,1.76266869048143,"Acipenser transmontanus"
"6",0.413552632,0.414948996,0.313236842,0.583035088,0.219298246,0.14021271,3.539973055,2.13,3.40119738166216,1.45196916082339,1.45196916082339,"Acrocheilus alutaceus"
"7",0.441368551,0.239799389,0.554374794,0.546075194,0.384341556,0.191017425,2.928035757,3.98,4.17130560335823,1.57761749376703,1.57761749376703,"Ageneiosus inermis"
"8",0.484752806,0.390921303,0.318027165,0.520074036,0.300734007,0.188719517,1.943681715,2.9,2.30258509299405,1.40525524601502,1.40525524601502,"Agosia chrysogaster"
"9",0.525739563,0.623262053,0.488984023,0.451359456,0.268386674,0.204675647,3.342143807,2.89,2.91777073208428,1.25641252048585,1.25641252048585,"Alburnoides bipunctatus"
"10",0.559971056,0.540985824,0.559971056,0.429576461,0.2766026,0.152191702,1.942321838,2.70000004768372,3.2188758248682,1.44774848703795,1.44774848703795,"Alburnus alburnus"
"11",0.552255315,0.571636146,0.612738565,0.424307539,0.319751575,0.185787999,4.097104898,3.05,3.76120011569356,1.40524418713931,1.40524418713931,"Alestes baremoze"
"12",0.531244891,0.386758926,0.425779382,0.546883987,0.144566277,0.158360041,3.053753725,2.95,4.4188406077966,1.36366538012639,1.36366538012639,"Alosa alosa"
"13",0.652789513,0.39763413,0.642865555,0.561015951,0.18814041,0.146598491,2.570926861,3.89,3.91202300542815,1.3335729832959,1.3335729832959,"Alosa chrysochloris"
"14",0.584315807,0.36249818,0.546593042,0.471669221,0.192536818,0.1380103,3.533629851,4.03,4.0943445622221,1.28820316923371,1.28820316923371,"Alosa fallax"
"15",0.608067173,0.371959829,0.645928247,0.608870676,0.199791089,0.127512792,2.666674614,3.39,3.68887945411394,1.32091502206065,1.32091502206065,"Alosa pseudoharengus"
"16",0.552868003,0.351030888,0.507560017,0.492453578,0.181367895,0.163029455,3.793900818,3.48,4.33073334028633,1.26183463111298,1.26183463111298,"Alosa sapidissima"
"17",0.510690673,0.496479313,0.604274606,0.598802445,0.307522142,0.230217237,2.792177326,3.3,2.07944154167984,1.0145940952681,1.0145940952681,"Ambassis agassizii"
"18",0.430526243,0.527202703,0.499904068,0.567915826,0.338685045,0.117670423,2.660641509,3.4,2.30258509299405,1.00227063093996,1.00227063093996,"Ambassis marianus"
"19",0.524442688,0.385614211,0.417820293,0.607382193,0.342235628,0.196628382,2.313312287,3.43,3.76120011569356,0.922060672107096,0.922060672107096,"Ambloplites rupestris"
"20",0.530260362,0.346760551,0.306917386,0.559919101,0.32942065,0.165453434,1.978334006,3.4,3.36729582998647,1.44240151546905,1.44240151546905,"Ameiurus brunneus"
"21",0.510909129,0.26321762,0.443448422,0.603220805,0.273872555,0.1777031,2.376083333,3.18,4.55387689160054,1.48357957380757,1.48357957380757,"Ameiurus catus"
"22",0.48507337,0.210539107,0.404241848,0.570236413,0.389497283,0.157155275,2.213600411,3.81,4.18965474202643,1.41135011020725,1.41135011020725,"Ameiurus melas"
"23",0.685748816,0.21082667,0.576156738,0.687800064,0.300934704,0.161264652,1.885352967,3.33,4.0943445622221,1.66667135105962,1.66667135105962,"Ameiurus natalis"
"24",0.463754674,0.268012891,0.345555201,0.490174198,0.347816005,0.153249389,1.839310528,3.68,4.00733318523247,1.3786750479852,1.3786750479852,"Ameiurus nebulosus"
"25",0.566364057,0.239979202,0.426656985,0.564385118,0.203431917,0.125053001,1.36475708,3.81,4.69134788222914,1.57604672780934,1.57604672780934,"Amia calva"
"26",0.425466729,0.590915319,0.157762307,0.570869837,0.425466729,0.14737824,1.933787808,3.3,1.96009478404727,1.97178821036125,1.97178821036125,"Ammocrypta clara"
"27",0.689463135,0.482758621,0.457832242,0.735779165,0.511632922,0.109765987,1.637427198,3.3,1.98787434815435,2.03465059142091,2.03465059142091,"Ammocrypta vivax"
"28",0.43855936,0.518725926,0.276024412,0.405856357,0.312160659,0.195897189,2.608495982,2.79,2.89037175789616,0.954759576676023,0.954759576676023,"Amniataba percoides"
"29",0.821233167,0.249665422,0.720516313,0.634091873,0.604546774,0.04466753,0,3.55,4.89034912822175,2.78619220512091,2.78619220512091,"Anguilla anguilla"
"30",0.573910584,0.311512112,0.500616174,0.451180832,0.573910584,0.037081167,0,4.28,4.86753445045558,2.47817515402236,2.47817515402236,"Anguilla australis"
"31",0.487382522,0.292541908,0.386335896,0.366791773,0.52447211,0.065195694,0,3.55,5.29831736654804,2.08258144103245,2.08258144103245,"Anguilla reinhardtii"
"32",0.32608484,0.31401802,0.152306862,0.393905601,0.577587199,0.037438892,0,3.83,5.02388052084628,2.80533529130476,2.80533529130476,"Anguilla rostrata"
"33",0.581351168,0.321428571,0.572288456,0.542793448,0.409644276,0.179561218,2.404761905,3.14,2.63905732961526,1.15968571673634,1.15968571673634,"Aphredoderus sayanus"
"34",0.437381228,0.381944444,0.221978663,0.42003019,0.410993707,0.223393187,2.734042553,3.36,4.55387689160054,1.01934472391033,1.01934472391033,"Aplodinotus grunniens"
"35",0.469524186,0.293550852,0.379556226,0.453896945,0.388464319,0.274854635,1.874929584,3,3.17805383034795,0.626023695145832,0.626023695145832,"Astronotus crassipinnis"
"36",0.558447672,0.414012739,0.525980351,0.50973695,0.178570269,0.209845244,3.390804598,2.9,2.04122032885964,0.967147700065274,0.967147700065274,"Astyanax lacustris"
"37",0.493886355,0.440611385,0.516996332,0.480657768,0.141085866,0.148993573,2.981330328,3.23,2.484906649788,1.03091944285291,1.03091944285291,"Astyanax mexicanus"
"38",0.61647139,0.35483871,0.61647139,0.406280307,0.359964352,0.094015532,2.15,4.02,5.72031177660741,1.89775083096065,1.89775083096065,"Atractosteus spatula"
"39",0.274447167,0.510871577,0.338350825,0.375280785,0.230597834,0.123774153,2.635863467,3.6,3.66356164612965,1.50671231920608,1.50671231920608,"Auchenipterus osteomystax"
"40",0.546839013,0.210480017,0,0.666999448,0.316571649,0.206441059,3.243004719,2.9,4.24849524204936,1.4546097635098,1.4546097635098,"Auchenoglanis occidentalis"
"41",0.453846291,0.42853271,0.440269744,0.351679644,0.303461752,0.173014329,2.800809928,3.21,3.68887945411394,1.11127039836179,1.11127039836179,"Ballerus ballerus"
"42",0.489219782,0.30066,0,0.673763644,0,0.144789579,1.754811321,3.28,3.04452243772342,1.90570718373028,1.82586266053405,"Barbatula barbatula"
"43",0.446466667,0.261306202,0,0.573333333,0,0.138528694,1.860930187,2.6,2.77258872223978,1.69744878975681,1.63340783085201,"Barbatula toni"
"44",0.371264757,0.23787234,0,0.388291764,0.239724726,0.155661105,2.304620804,3.1,4.78749174278205,1.40324301701519,1.40324301701519,"Barbus barbus"
"45",0.627147112,0.369288025,0.389645339,0.529538889,0.303137527,0.195501026,2.20932337,2.93,3.29583686600433,1.48826330118179,1.48826330118179,"Barbus meridionalis"
"46",0.459238245,0.503950374,0.36573788,0.354092467,0.308156845,0.17880226,2.999490653,3.17,3.8177123259569,0.910600736107886,0.910600736107886,"Blicca bjoerkna"
"47",0.566828108,0.434038488,0.654249056,0.444691259,0.205236517,0.208475612,3.620893334,3.26,2.99573227355399,1.04389500085406,1.04389500085406,"Brycinus imberi"
"48",0.440535356,0.523954547,0.463466429,0.544938657,0.172482712,0.197971734,3.557371748,2.22,2.79728133483015,1.07674051338093,1.07674051338093,"Bryconalestes longipinnis"
"49",0.526181128,0.376188172,0.625983886,0.346104464,0.28203234,0.19310107,3.096534887,2.75,3.97029191355212,1.17333364147497,1.17333364147497,"Brycinus macrolepidotus"
"50",0.472812653,0.590817334,0.542894173,0.58993576,0.121484654,0.184485626,3.174289642,2.46,3.2188758248682,1.29720096413914,1.29720096413914,"Brycinus nurse"
"51",0.443177065,0.334315442,0.429664205,0.391881936,0.183062089,0.181159402,2.897504925,2.7,4.38202663467388,1.08134935394084,1.08134935394084,"Brycon orbignyanus"
"52",0.540899385,0.2304875,0.204529035,0.642188579,0.22954228,0.153619026,2.45290566,2,3.09104245335832,1.40361305920286,1.40361305920286,"Campostoma anomalum"
"53",0.433969409,0.2075996,0.110064891,0.609792104,0.188743188,0.129409461,2.269095928,2,3.09104245335832,1.38599103987265,1.38599103987265,"Campostoma oligolepis"
"54",0.579396104,0.423519231,0.433485414,0.566220586,0.317595305,0.18022779,2.238595119,3.23443414954924,2.77258872223978,1.56448414659889,1.56448414659889,"Campostoma pauciradii"
"55",0.433144112,0.298611111,0,0.459578379,0.341194393,0.167,4.213361133,3.2,3.76120011569356,1.29035419018782,1.29035419018782,"Campylomormyrus tamandua"
"56",0.438711954,0.32616582,0.401780205,0.409389939,0.210317985,0.180506568,2.282849533,2,4.07753744390572,0.968593800468087,0.968593800468087,"Carassius auratus"
"57",0.524307878,0.292355157,0.475862214,0.384168607,0.270874978,0.182361334,1.701818629,3.11,4.15888308335967,0.76063927824906,0.76063927824906,"Carassius carassius"
"58",0.498755109,0.374346839,0.442976697,0.401313767,0.241731916,0.187138726,1.893603243,2.47,3.8416005411316,0.802482627600242,0.802482627600242,"Carassius gibelio"
"59",0.383156927,0.324786325,0.144056636,0.407628577,0.157679095,0.167496868,2.607196429,2,4.15888308335967,1.20527497393497,1.20527497393497,"Carpiodes carpio"
"60",0.438339662,0.345323741,0.152401953,0.489619365,0.092788153,0.191733432,2.748488331,2.59,4.18965474202643,1.08481286743847,1.08481286743847,"Carpiodes cyprinus"
"61",0.417264842,0.38966268,0.315598876,0.397542365,0.110083506,0.179895343,1.652119685,2.4,3.91202300542815,0.89858572271,0.89858572271,"Carpiodes velifer"
"62",0.484823034,0.342857143,0.147981516,0.487893277,0.218586643,0.113768197,2.322806452,2.54,4.15888308335967,1.60613779944641,1.54646027278759,"Catostomus catostomus"
"63",0.580539747,0.2170625,0.135292548,0.711364041,0.203138894,0.221114175,2.435085741,2.8,3.49650756146648,1.58049058519361,1.58235314049926,"Catostomus clarkii"
"64",0.610078423,0.246621622,0.115932379,0.610439093,0.231198905,0.125652695,2.682204545,2.77,3.40119738166216,1.60265284020429,1.65907887167437,"Catostomus columbianus"
"65",0.500010462,0.308510638,0.075563026,0.65561422,0.171247829,0.186912394,2.546542274,2.82,4.17438726989564,1.49912947039721,1.54776127437497,"Catostomus commersonii"
"66",0.595693687,0.164483871,0.20555339,0.604053001,0.160853468,0.149770716,2.773463501,2.8,3.71357206670431,1.70833055717748,1.6295398783902,"Catostomus discobolus"
"67",0.609203977,0.218701095,0.108996153,0.762749257,0.155399717,0.213375739,3.223650986,3.2,4.38202663467388,1.55710354958594,1.63161005721156,"Catostomus insignis"
"68",0.463524695,0.190292308,0,0.641823173,0.135266702,0.148675868,2.673334067,2.8,4.02535169073515,1.57861644944588,1.61487842754931,"Catostomus latipinnis"
"69",0.561867301,0.359526324,0.288381205,0.678482132,0.176263874,0.187696072,3.860465116,3.13,4.11087386417331,1.56435040750373,1.53831509758481,"Catostomus macrocheilus"
"70",0.715159097,0.195909484,0.492964197,0.586117122,0.291046795,0.170470624,3.115457206,2.8,4.0943445622221,1.62427794956089,1.62427794956089,"Catostomus occidentalis"
"71",0.535153703,0.345291662,0.187520873,0.588468695,0.195456497,0.184204963,2.898040816,2.30999994277954,3.2188758248682,1.63950100769272,1.51221208827799,"Catostomus platyrhynchus"
"72",0.441353568,0.44,0.476740565,0.47188954,0.290532952,0.23830257,2.015373078,3.18,3.37416870927424,0.757503860165347,0.757503860165347,"Centrarchus macropterus"
"73",0.661537221,0.477387413,0.646485784,0.398701742,0.719973048,0.197242778,3.557240412,2.84,4.07753744390572,1.4201877273954,1.4201877273954,"Chelon auratus"
"74",0.534372112,0.421724147,0.495619266,0.392515837,0.617923579,0.168065876,3.044644887,2.59,4.31748811353631,1.36574799756545,1.36574799756545,"Chelon labrosus"
"75",0.52997701,0.333333333,0.623279002,0.439128975,0.573287182,0.140881139,2.681247434,2.34,4.24849524204936,1.46802658537156,1.46802658537156,"Chelon ramada"
"76",0.468442813,0.363636364,0.321312998,0.418782789,0.276320498,0.15578047,2.31372549,2,3.91202300542815,1.37609465198954,1.37609465198954,"Chondrostoma nasus"
"77",0.586817568,0.243761879,0.318496329,0.693665092,0.383353725,0.225185543,2.109649708,2.6,2.89037175789616,0.946473595271353,0.946473595271353,"Chromidotilapia guntheri"
"78",0.5051697,0.493843471,0.451721269,0.448229468,0.228614335,0.164036255,2.313126362,2.5,2.2082744135228,1.37921271510049,1.37921271510049,"Chrosomus erythrogaster"
"79",0.578214897,0.364823048,0.177050763,0.649367477,0.133498106,0.201903646,2.163791952,2.69,3.93182563272433,1.53575936723266,1.54377515662693,"Chrysichthys maurus"
"80",0.560279837,0.470932203,0.153887009,0.696348009,0.142379563,0.21467508,2.296621503,3.17,4.17438726989564,1.52673305097155,1.52673305097155,"Chrysichthys nigrodigitatus"
"81",0.554794521,0.231638418,0.404109589,0.606164384,0.397260274,0.205189474,2.287037037,4.4,4.06902675423781,1.17041566671223,1.17041566671223,"Cichla kelberi"
"82",0.624557021,0.190751445,0.452628403,0.607013284,0.431575919,0.222781904,2.03960396,4.2,3.87120101090789,1.17850869794825,1.17850869794825,"Cichla piquiti"
"83",0.563144467,0.265152185,0.39472205,0.630029804,0.331504815,0.319424298,1.76896778,3.3,2.2512917986065,0.740220622480802,0.740220622480802,"Cichlasoma paranaense"
"84",0.439466415,0.38433779,0.412345643,0.308606724,0.219796987,0.190366198,3.596363339,2.4,2.89037175789616,0.673165121856913,0.673165121856913,"Citharinus eburneensis"
"85",0.505837062,0.310163008,0.33813714,0.362685299,0.413231508,0.14135765,2.029617647,3.35,4.60517018598809,1.69784300490095,1.48100201199623,"Clarias anguillaris"
"86",0.385256943,0.247510776,0.288181929,0.476944102,0.254536001,0.120818078,1.386320396,3.76,5.13579843705026,1.92120639352786,1.92120639352786,"Clarias gariepinus"
"87",0.550593468,0.486884548,0.52750556,0.538532132,0.168629287,0.206180917,2.659113636,2.74,2.484906649788,1.30424400127325,1.30424400127325,"Clinostomus funduloides"
"88",0.519076769,0.171414826,0,0.627406408,0.141795339,0.1147085,2.65221472298631,3.3,2.30258509299405,1.84815523764271,1.80032816589792,"Cobitis bilineata"
"89",0.555087153,0.2689542,0,0.761652615,0.113628616,0.15232585,2.035157895,3.3,2.68102152871429,2.00573140906977,1.93046086152259,"Cobitis elongatoides"
"90",0.618919452,0.286353167,0,0.802443882,0.161490015,0.114149461,1.9990005,3.3,2.63905732961526,1.90956044813086,1.99445265875906,"Cobitis taenia"
"91",0.60512985,0.289971434,0.423569712,0.593237265,0.305739307,0.365538462,2,2.4,3.68887945411394,0.753453832770579,0.753453832770579,"Coptodon dageti"
"92",0.604780074,0.2834498,0.360711056,0.615447388,0.348904229,0.280314529,2.642307933,2.51,3.68887945411394,0.923762947209114,0.923762947209114,"Coptodon zillii"
"93",0.552868056,0.59387889,0.552868056,0.4445,0.267979167,0.150450051,2.909159074,3.05999994277954,3.87120101090789,1.49949593031227,1.49949593031227,"Coregonus albula"
"94",0.535312147,0.433651344,0.480285458,0.34440707,0.288432317,0.126790896,3.023632403,3.13,4.29045944114839,1.44157156293679,1.44157156293679,"Coregonus lavaretus"
"95",0.592879257,0.378948617,0.324180634,0.629956229,0.826080922,0.282100735,2.666666667,3.3,3.04452243772342,1.65668449026783,1.65668449026783,"Cottus amblystomopsis"
"96",0.75187192,0.385627806,0.435251994,0.748890462,0.75187192,0.298745377,2.676038174,3.29,2.70805020110221,1.51747415700066,1.51747415700066,"Cottus bairdii"
"97",0.752451413,0.473960608,0.359083976,0.879260789,0.465441566,0.262260824,2.23951481892139,3.2,1.84054963339749,1.66265686246614,1.66265686246614,"Cottus caeruleomentum"
"98",0.663106033,0.538563346,0.358147097,0.692045246,0.59219103,0.286074536,2.316485951,3.3,2.89037175789616,1.53046009278267,1.53046009278267,"Cottus carolinae"
"99",0.647497918,0.481879769,0.345713302,0.703465025,0.614783583,0.295193866,1.885733263,3.37,2.4932054526027,1.63235968718699,1.63235968718699,"Cottus cognatus"
"100",0.675350649,0.472381579,0.42861039,0.74025974,0.597428571,0.281547438,3.15060508,3.3,2.63905732961526,1.61848839141327,1.61848839141327,"Cottus girardi"
"101",0.702836958,0.402236592,0.5019123,0.779231573,0.497334468,0.229832325,2.699277598,3.23,2.89037175789616,1.78959483259171,1.78959483259171,"Cottus gobio"
"102",0.678363813,0.525468182,0.377151483,0.696195922,0.605658807,0.270738552,2.212364396,3.2,2.30258509299405,1.65401688080958,1.65401688080958,"Cottus perplexus"
"103",0.680627033,0.329981551,0.433467825,0.730855531,0.467701429,0.25230542,2.602694192,2.98,2.70805020110221,1.59330116665597,1.59330116665597,"Cottus poecilopus"
"104",0.520844539,0.36307513,0.202081802,0.611105219,0.587166006,0.301703517,3.3335,3.37,2.77258872223978,1.47561318902088,1.47561318902088,"Cottus rhotheus"
"105",0.454902979,0.610774049,0.323849984,0.610609859,0.647504627,0.157448505,1.712873238,2.93,2.14006616349627,1.3357937616772,1.3357937616772,"Craterocephalus marjoriae"
"106",0.374733386,0.616854227,0.43639795,0.640040648,0.549330534,0.121343863,3.416409317,3.2,1.94591014905531,1.65042061045686,1.65042061045686,"Craterocephalus stercusmuscarum"
"107",0.557877507,0.477462538,0.511778465,0.53261022,0.431994383,0.196652595,1.593277108,3.14,2.67414864942653,1.27351626141281,1.27351626141281,"Crenicichla britskii"
"108",0.666666667,0.281690141,0.488888889,0.788888889,0.438888889,0.197341296,1.149958829,3.2,2.30258509299405,1.39748017696192,1.39748017696192,"Crenicichla haroldoi"
"109",0.594280525,0.56639759,0.280001847,0.638746518,0.594280525,0.210502612,2.529490196,3.5,2.77258872223978,1.99671519436868,1.99671519436868,"Crystallaria asprella"
"110",0.398785288,0.255772415,0.351890272,0.48132923,0.226864539,0.178111854,2.281579999,2,5.01063529409626,1.37702688541807,1.37702688541807,"Ctenopharyngodon idella"
"111",0.445592857,0.384124309,0.445592857,0.440835714,0.334864286,0.217568892,1.975775424,3.2,3.17805383034795,0.915882076786038,0.915882076786038,"Ctenopoma kingsleyae"
"112",0.436867916,0.588235294,0.507994862,0.56303509,0.409092307,0.183675136,5.065428451,3.19,2.19722457733622,1.38580631779612,1.38580631779612,"Culaea inconstans"
"113",0.314704258,0.274193548,0,0.402767402,0.158177153,0.148441836,1.934759881,3.1,4.53259949315326,1.44658761933559,1.44658761933559,"Cycleptus elongatus"
"114",0.480579203,0.474956366,0.402767802,0.430645322,0.205541199,0.181637614,2.721153846,2.94640795752426,2.78501124223834,1.0514555189833,1.0514555189833,"Cyphocharax modestus"
"115",0.530277683,0.462904441,0.51438423,0.466738579,0.212484661,0.183187597,1.76766234,3.11136090646517,2.94443897916644,1.06947965827911,1.06947965827911,"Cyphocharax naegelii"
"116",0.491922529,0.492905413,0.416872686,0.490583879,0.187878097,0.162729052,2.811663331,3.2,2.39789527279837,1.39625315183826,1.39625315183826,"Cyprinella analostana"
"117",0.465020717,0.405388971,0.389543416,0.505136484,0.17918649,0.166260006,2.417013423,3.2,2.70805020110221,1.42213224886961,1.42213224886961,"Cyprinella galactura"
"118",0.529035439,0.468262896,0.454329738,0.517784284,0.247876733,0.168338284,2.293701204,3.1,2.07944154167984,1.28759454478311,1.28759454478311,"Cyprinella lepida"
"119",0.431196217,0.509870558,0.32721418,0.458913598,0.206441166,0.192250141,3.221512519,2.82,2.19722457733622,1.24685179991214,1.24685179991214,"Cyprinella lutrensis"
"120",0.463721223,0.454054765,0.315386373,0.534625892,0.109385254,0.1229732,2.826502693,3.2,2.39789527279837,1.68526024140948,1.68526024140948,"Cyprinella monacha"
"121",0.458700446,0.413335238,0.313484236,0.592865334,0.186182319,0.173418738,2.199970002,3.1,2.07944154167984,1.41503956014598,1.41503956014598,"Cyprinella proserpina"
"122",0.553650553,0.403492845,0.553650553,0.471444611,0.19916508,0.171389262,2.716643102,2.83,2.484906649788,1.30751419520915,1.30751419520915,"Cyprinella spiloptera"
"123",0.52538652,0.490818503,0.477607597,0.586050109,0.215064726,0.157524414,2.698508362,3.2,2.94443897916644,1.50547311275586,1.50547311275586,"Cyprinella venusta"
"124",0.545951868,0.472292821,0.478992802,0.529429931,0.22427041,0.17938611,2.50534867,3.2,2.77258872223978,1.47533934642573,1.47533934642573,"Cyprinella whipplei"
"125",0.534131017,0.409638095,0.490224405,0.594863776,0.260975237,0.189877218,1.63859062,2.7,1.6094379124341,1.04721492500589,1.04721492500589,"Cyprinodon pecosensis"
"126",0.54054073,0.441087541,0.459508249,0.587791601,0.308106747,0.226641342,1.873054769,2.6,1.79175946922805,1.16242110426034,1.16242110426034,"Cyprinodon rubrofluviatilis"
"127",0.510936185,0.182045455,0.307949315,0.48104781,0.258020926,0.178656382,2.637145238,3.06,4.78749174278205,1.2473584684592,1.2473584684592,"Cyprinus carpio"
"128",0.521779119,0.58928703,0.334462646,0.499438131,0.321345677,0.16547368,1.666612748,2.9,2.04122032885964,1.36373937252003,1.36373937252003,"Dionda serena"
"129",0.401146984,0.396926724,0.260389641,0.288549318,0.22788058,0.16465864,2.491256266,2.57999992370605,4.33073334028633,1.00041930514188,1.00041930514188,"Distichodus rostratus"
"130",0.478791768,0.378720949,0.444745653,0.274628915,0.287958974,0.180492429,3.314939167,2.4,4.04305126783455,1.02239528442787,1.02239528442787,"Dorosoma cepedianum"
"131",0.540722766,0.416666667,0.521677715,0.422007702,0.248845828,0.182166943,2.6905,2.76,3.49650756146648,1.0937081195315,1.0937081195315,"Dorosoma petenense"
"132",0.519872332,0.238683014,0.467018471,0.429185523,0.321154546,0.060362055,0,3.05,3.2188758248682,1.99232205421012,1.99232205421012,"Eigenmannia trilineata"
"133",0.459604647,0.439387628,0.411120251,0.59838967,0.299132516,0.199078588119877,2.496689569,3.7,1.6094379124341,1.2896337460632,1.2896337460632,"Elassoma zonatum"
"134",0.530614596,0.317870588,0.453109366,0.515448288,0.291082745,0.226279656,1.944444444,3.13,2.30258509299405,0.729458730139691,0.729458730139691,"Enneacanthus gloriosus"
"135",0.440768173,0.586708641,0.294118159,0.526676299,0.189127559,0.150093897,2.017189062,3,2.27212588550934,1.35741314866753,1.41948074471038,"Enteromius chlorotaenia"
"136",0.666731338,0.400968283,0.634501812,0.517752237,0.295319618,0.188060174,1.301662144,3,2.19722457733622,1.17371847018315,1.17371847018315,"Enteromius foutensis"
"137",0.559662192,0.516906551,0.400573637,0.486563359,0.355192606,0.153736891,1.576506507,3.04,2.82731362192903,1.21021943672985,1.21021943672985,"Enteromius macrops"
"138",0.456079065,0.496785493,0.351671241,0.50792497,0.16728685,0.180796954,1.885255015,3,2.35137525716348,1.17290957837632,1.17290957837632,"Enteromius trispilos"
"139",0.532682945,0.429971816,0.339650323,0.531608309,0.17446167,0.206479227,2.328967997,2.97,3.63758615972639,1.35668631140071,1.35668631140071,"Erimyzon oblongus"
"140",0.461644924,0.337661202,0.332320811,0.530414796,0.135406492,0.188905308,2.40081382,3.05,3.71357206670431,1.19126035455305,1.19126035455305,"Erimyzon sucetta"
"141",0.744244822,0.372370968,0.640558211,0.681281248,0.155782649,0.088356048,2.237455965,3.65,3.67376581630389,1.86411036973033,1.86411036973033,"Esox americanus"
"142",0.621035943,0.264733496,0.459201629,0.625750807,0.165010858,0.106231483,2.459066917,4.07,5.01063529409626,1.79263053857031,1.79263053857031,"Esox lucius"
"143",0.566998037,0.294387285,0.446873451,0.546651367,0.072206675,0.091179772,2.723833544,4.5,5.20948615284142,1.88689375917073,1.88689375917073,"Esox masquinongy"
"144",0.500395009,0.392100069,0.277699107,0.581528463,0.105877443,0.093528785,2.947443182,3.29,4.59511985013459,1.86012012575368,1.86012012575368,"Esox niger"
"145",0.59948383,0.514634511,0.484007041,0.580929901,0.416156702,0.214599498,1.789339988,3.3,1.96009478404727,1.4871162668267,1.4871162668267,"Etheostoma asprigene"
"146",0.594983726,0.397856401,0.166635401,0.690483337,0.508732519,0.284115291,2.141547981,3.36,2.83321334405622,1.7648080159477,1.7648080159477,"Etheostoma blennioides"
"147",0.603726159,0.44752457,0.422691676,0.480023999,0.393179235,0.268192561,2.853544118,3.3,2.07944154167984,1.36336549938113,1.36336549938113,"Etheostoma caeruleum"
"148",0.689274372,0.343838081,0.441680504,0.569112834,0.477123603,0.189337806080802,1.667593014,3.4,2.39789527279837,1.40732581300375,1.40732581300375,"Etheostoma chlorobranchium"
"149",0.655609935,0.422261101,0.311142097,0.666792585,0.427751637,0.18504087,1.898615937,3.2,1.79175946922805,1.92014532102593,1.92014532102593,"Etheostoma chlorosomum"
"150",0.507232588,0.402444975,0.329034304,0.649999119,0.578607044,0.197592636436998,2.167778485,3.2,1.79175946922805,1.4734675992593,1.4734675992593,"Etheostoma cragini"
"151",0.573609863,0.507950352,0.375217039,0.650242996,0.474544328,0.247037081,3.028297082,3.52,1.97408102602201,1.68830632892832,1.68830632892832,"Etheostoma exile"
"152",0.506646762,0.3877,0.374191108,0.540387187,0.43230975,0.249783058,2.329290943,3.24,2.12823170584927,1.40773409370607,1.40773409370607,"Etheostoma flabellare"
"153",0.580092048,0.474648214,0.404914315,0.618786539,0.414669269,0.198482643,1.562044534,3.2,1.79175946922805,1.75539052569831,1.75539052569831,"Etheostoma fusiforme"
"154",0.480502304,0.623748704,0.337108295,0.589020737,0.417152074,0.21884343,2.388135727,3.2,1.79175946922805,1.61867256091109,1.61867256091109,"Etheostoma gracile"
"155",0.591085253,0.500535619,0.226725473,0.665753296,0.445343218,0.221618427,1.599680064,3.3,2.07944154167984,1.65022740037802,1.65022740037802,"Etheostoma histrio"
"156",0.60123025,0.411703746,0.426241428,0.568568456,0.473608552,0.195976653,1.510893822,3.3,1.94591014905531,1.63758940410179,1.63758940410179,"Etheostoma lepidum"
"157",0.650001923,0.575125518,0.535252112,0.615389546,0.39750516,0.229096142,2.971153756,3.5,1.48160454092422,1.65602482474954,1.65602482474954,"Etheostoma microperca"
"158",0.603186296,0.435857143,0.381173652,0.5100017,0.440641469,0.220234173,2.640049991,3.19,1.97408102602201,1.60197381463456,1.60197381463456,"Etheostoma nigrum"
"159",0.486910139,0.49017205,0.160576934,0.595288117,0.340493948,0.283085152,2.364298336,2.92,2.39789527279837,1.54338013306129,1.54338013306129,"Etheostoma olmstedi"
"160",0.605874762,0.553986748,0.411086912,0.561176664,0.409985563,0.245975708,2.755533436,3.2,1.6094379124341,1.6012954108604,1.6012954108604,"Etheostoma proeliare"
"161",0.601878238,0.470589348,0.358899516,0.610184939,0.450357842,0.238243751,1.917457863,3.3,2.14006616349627,1.56637826602884,1.56637826602884,"Etheostoma radiosum"
"162",0.601205128,0.578120911,0.455564103,0.489871795,0.380410256,0.191386919165894,2.096309867,3.3,1.94591014905531,1.64471595230175,1.64471595230175,"Etheostoma serrifer"
"163",0.575635278,0.461656883,0.389937542,0.558254842,0.385813585,0.260468055,2.496837683,3.29,1.97408102602201,1.35760211946624,1.35760211946624,"Etheostoma spectabile"
"164",0.505743575,0.493916995,0.20229743,0.585912091,0.505743575,0.281354905,2.317464286,3.3,1.94591014905531,1.87884074656627,1.87884074656627,"Etheostoma vitreum"
"165",0.65168402,0.353451399,0.501845334,0.573434521,0.483196461,0.205470504,1.782876769,3.3,2.09186406167839,1.47231205350596,1.47231205350596,"Etheostoma vulneratum"
"166",0.623871202,0.489818263,0.429478271,0.672204334,0.500016947,0.216077452,1.709580911,3.3,2.19722457733622,1.7827352960834,1.7827352960834,"Etheostoma whipplei"
"167",0.618890756,0.416980749,0.376484423,0.57774074,0.463404129,0.2659107,2.497841789,3.3,2.07944154167984,1.48515323141274,1.48515323141274,"Etheostoma zonale"
"168",0.599527324,0.375121795,0.350131081,0.555670331,0.321350208,0.146978154,1.969072165,3.04,2.77258872223978,1.40923250235436,1.40923250235436,"Exoglossum maxillingua"
"169",0.522369984,0.510178052,0.358459621,0.572009724,0.375528571,0.150958363,1.83740391,3.4,2.99573227355399,1.57419839622086,1.57419839622086,"Fundulus catenatus"
"170",0.58715416,0.538680769,0.479214184,0.594206939,0.424298036,0.167607131,2.089562069,3.3,2.56494935746154,1.54536142512912,1.54536142512912,"Fundulus diaphanus"
"171",0.531593899,0.574502465,0.627629746,0.541826591,0.340017215,0.157034356,1.695433952,3.2,1.79175946922805,1.36627359107731,1.36627359107731,"Fundulus dispar"
"172",0.608912781,0.563897857,0.681734649,0.516458401,0.397410717,0.162060352,2.020754127,3.08,2.07944154167984,1.37652947391599,1.37652947391599,"Fundulus notatus"
"173",0.534391534,0.589536922,0.590762169,0.507367755,0.414500799,0.179677646,1.872983871,3.2,2.07944154167984,1.54070592384282,1.54070592384282,"Fundulus olivaceus"
"174",0.443961198,0.552125711,0.518600399,0.53580099,0.21754357,0.161341206,1.553720729,3.2,2.19722457733622,1.52410189531777,1.52410189531777,"Fundulus sciadicus"
"175",0.459033621,0.517121712,0.321305351,0.538942561,0.311535764,0.169022721,1.696445976,3.4,2.89037175789616,1.41322060145183,1.41322060145183,"Fundulus stellifer"
"176",0.659712906,0.445132448,0.558563407,0.578589273,0.412253291,0.135350486,1.718153404,3.2,2.07944154167984,1.4524336494083,1.4524336494083,"Fundulus zebrinus"
"177",0.573964998,0.552445804,0.675867694,0.46713006,0.512553076,0.168330473,1.941879016,3.07,1.94591014905531,1.3713146902242,1.3713146902242,"Gambusia affinis"
"178",0.474599696,0.583510123,0.573699656,0.484924869,0.432610341,0.18754181,2.135950413,3.1,2.07944154167984,1.26357217736618,1.26357217736618,"Gambusia holbrooki"
"179",0.571305628,0.603812088,0.501718631,0.565954685,0.489701434,0.158644254,4.080636108,3.31,2.39789527279837,1.3975853920903,1.3975853920903,"Gasterosteus aculeatus"
"180",0.602013547,0.29882545,0.282590439,0.639890812,0.368095761,0.295773511,1.936437543,2.57,3.3322045101752,0.826751710134896,0.826751710134896,"Geophagus brasiliensis"
"181",0.55483871,0.217573222,0.183870968,0.770967742,0.329032258,0.375050132,2.8588518018055,2.3,2.81540871942271,0.860657984718575,0.860657984718575,"Geophagus sveni"
"182",0.515933978,0.287142857,0.347823198,0.465128641,0.268565277,0.17290411,1.697242424,2,4.02535169073515,1.35596447697359,1.35596447697359,"Gila atraria"
"183",0.530686304,0.409624867,0.442125988,0.424763302,0.282918167,0.172984279,3.969253932,2,3.76120011569356,1.39793338933063,1.39793338933063,"Gila robusta"
"184",0.577226902,0.441565619,0.173043232,0.645405621,0.149628107,0.188987027,1.980330344,3.13,3.04452243772342,1.56084809950302,1.56084809950302,"Gobio gobio"
"185",0.565760778,0.453194952,0.243813835,0.558186245,0.216085034,0.192817962,2.564901738,3.17,2.60268968544438,1.40294263927184,1.40294263927184,"Gobio lozanoi"
"186",0.420458756,0.55719713,0.384272514,0.505361133,0.560039072,0.139461769,1.874086181,3.74,2.89037175789616,1.49202784091794,1.49202784091794,"Gobiomorphus australis"
"187",0.587632944,0.425700896,0.374367372,0.622460459,0.339661384,0.171503604,3.580847016,3.25999999046326,3.2188758248682,1.36019299469539,1.36019299469539,"Gymnocephalus cernua"
"188",0.635519244,0.228700731,0.39698352,0.724374531,0.746191281,0.201717805,1.881326045,3.2,2.08567209143047,1.87071568534488,1.87071568534488,"Gymnogobius opperiens"
"189",0.81747162,0.289202703,0.769855963,0.752736298,0.746032876,0.212459604,2.182992394,3.2,2.63905732961526,1.58360354069475,1.58360354069475,"Gymnogobius urotaenia"
"190",0.603305785,0.244444444,0.636363636,0.371900826,0.429752066,0.048434016,0,3.5,4.60316818331742,2.08619861974663,2.08619861974663,"Gymnotus inaequilabiatus"
"191",0.563070143,0.398148148,0.507024903,0.573461477,0.325927893,0.205681722853585,2.109138789,3.93,2.63905732961526,0.914573121225167,0.914573121225167,"Hemichromis bimaculatus"
"192",0.585921655,0.377140985,0.479745384,0.718888864,0.366170651,0.177462545,2.327003534,3.18,3.01553490085017,1.05454853525138,1.05454853525138,"Hemichromis fasciatus"
"193",0.49721811,0.507240757,0.434411101,0.533360278,0.195225909,0.161254557,3.774037538,2.6,3.43398720448515,1.48434069220048,1.48434069220048,"Hemiodus orthonops"
"194",0.51894878,0.33244313,0.440012423,0.518255018,0.1807589,0.12795263,2.42327767,4.5,3.95124371858143,1.73204481486979,1.73204481486979,"Hemisorubim platyrhynchos"
"195",0.61553196,0.380952381,0.587169166,0.612566361,0.164994263,0.152060975,3.486735728,4.1,4.24849524204936,1.53465476747943,1.53465476747943,"Hepsetus odoe"
"196",0.510841675,0.232890607,0.288011923,0.605051875,0.291918878,0.22855608,2.447045683,2.89,3.40119738166216,0.670979768452924,0.670979768452924,"Herichthys cyanoguttatus"
"197",0.545347791,0.283110758,0.486746532,0.369458781,0.369638714,0.153626598,1.742370115,3.7,5.01063529409626,1.73759026336864,1.73759026336864,"Heterobranchus bidorsalis"
"198",0.559402377,0.306122449,0.508818389,0.415016248,0.423570664,0.159072097,1.420927989,3.7,4.49980967033027,1.6223456679708,1.6223456679708,"Heterobranchus isopterus"
"199",0.647779221,0.141425649,0.483753247,0.558597403,0.382090909,0.136463493,1.656666061,3.72,5.01063529409626,1.89648796695462,1.89648796695462,"Heterobranchus longifilis"
"200",0.490035714,0.552563812,0.496686224,0.517107143,0.265329082,0.200002268,2.35770853,3.19,3.95124371858143,1.28057167683137,1.28057167683137,"Hiodon alosoides"
"201",0.534883163,0.518317472,0.555241849,0.476746011,0.232627095,0.173640555,2.389416329,3.72,3.85014760171006,1.1706478615518,1.1706478615518,"Hiodon tergisus"
"202",0.47283693,0.299341634,0.303430454,0.48072524,0.360929885,0.190256249,5.460689015,3.2,3.40119738166216,1.32079315328147,1.32079315328147,"Hippopotamyrus pictus"
"203",0.640245602,0.3365304,0.592581689,0.570089852,0.221814391,0.172156766,1.412302501,3.41,3.68887945411394,1.45810100736045,1.45810100736045,"Hoplerythrinus unitaeniatus"
"204",0.627579773,0.449766854,0.551273484,0.61609049,0.200276471,0.164983452,1.595244174,4.5,4.17438726989564,1.51491769145013,1.51491769145013,"Hoplias malabaricus"
"205",0.472710833,0.262497137,0.220206021,0.517056414,0.196514815,0.201942657,1.73590965,2.74,3.26956893918372,1.1883456849606,1.28928285856003,"Hoplosternum littorale"
"206",0.566259131,0.41965,0.400668573,0.50906561,0.387441351,0.187078224,2.801823828,2,2.484906649788,1.42284773643453,1.42284773643453,"Hybognathus argyritis"
"207",0.504476533,0.496311024,0.457946635,0.533570849,0.252089119,0.161343928,2.129264894,3.09,2.30258509299405,1.4936850053465,1.4936850053465,"Hybognathus hankinsoni"
"208",0.51302591,0.487453947,0.36422441,0.491360778,0.250028286,0.188111563,2.192302422,3.07083550660048,2.89037175789616,1.42431594887883,1.42431594887883,"Hybognathus nuchalis"
"209",0.510220493,0.389530192,0.313039343,0.492883701,0.265317769,0.159188858,2.017136407,3.11989408881656,2.56494935746154,1.42530096048707,1.42530096048707,"Hybognathus placitus"
"210",0.543879785,0.536673913,0.481400118,0.504428369,0.229708638,0.172490581,2.925,2,2.70805020110221,1.49584235616021,1.49584235616021,"Hybognathus regius"
"211",0.567961957,0.551068376,0.3655,0.635869565,0.179347826,0.175637687,2.666014974,2.9,2.12823170584927,1.57630143539348,1.57630143539348,"Hybopsis amnis"
"212",0.656962938,0.234056832,0.524597414,0.501408451,0.17198481,0.133552202,3.705935225,4,4.35670882668959,1.33527679871478,1.33527679871478,"Hydrocynus forskahlii"
"213",0.586491752,0.378145932,0.474607092,0.532605966,0.216963242,0.164752137,4.385335484,4.41,4.65396035015752,1.39932764444109,1.39932764444109,"Hydrocynus vittatus"
"214",0.62226565,0.367527417,0.159953655,0.669582438,0.182026272,0.171916981,3.706975253,3,3.13549421592915,1.57853984020874,1.61003854928783,"Hypentelium etowanum"
"215",0.626671919,0.392110668,0.085863689,0.736614661,0.197764496,0.199559643,2.555307123,3.3,4.11087386417331,1.59351369563527,1.69103530651936,"Hypentelium nigricans"
"216",0.493936371,0.316898111,0.578815594,0.456579498,0.297775269,0.19777752,2.873008629,2,4.65396035015752,1.21936001476508,1.21936001476508,"Hypophthalmichthys molitrix"
"217",0.488693603,0.24572304,0.656005789,0.554376492,0.261572881,0.22218758,3.320970831,2.83,4.98360662170834,1.22624032803213,1.22624032803213,"Hypophthalmichthys nobilis"
"218",0.434285714,0.261538462,0.537142857,0.371428571,0.417142857,0.157804427,3.521126761,3.4,3.78418963391826,1.50091812575309,1.27594967184544,"Hypophthalmus oremaculatus"
"219",0.648815214,0.205717602,0,0.664030968,0,0.240534171,2.666345499,2,3.04452243772342,1.51000585778331,1.51000585778331,"Hypostomus ancistroides"
"220",0.580320447,0.28667174,0,0.780840804,0,0.296740973,3.547962269,2.73623995507566,3.71357206670431,1.52070164656952,1.52070164656952,"Hypostomus regani"
"221",0.52792715,0.442360435,0.493088736,0.498201661,0.458937922,0.216442158655915,2.51258892,2.87,2.484906649788,1.07416765149596,1.07416765149596,"Hypseleotris compressa"
"222",0.49411735,0.575223554,0.516525643,0.53023291,0.422970707,0.200760179324314,2.152899824,3.35,1.79175946922805,1.50681845286945,1.50681845286945,"Hypseleotris galii"
"223",0.523078995,0.430350119,0.486774327,0.690428361,0.465058862,0.207706494095091,2.263981144,3.19,1.87180217690159,1.31466132988707,1.31466132988707,"Hypseleotris klunzingeri"
"224",0.560972041,0.375399827,0.426891171,0.459405325,0.382099991,0.141592322,4.113898051,3.41,5.10594547390058,1.50586875289496,1.50586875289496,"Ictalurus furcatus"
"225",0.610576951,0.324100187,0.488390593,0.461683521,0.324333682,0.140295608,3.196117814,4.16,4.88280192258637,1.44524001849931,1.44524001849931,"Ictalurus punctatus"
"226",0.375575795,0.342734255,0.172781798,0.423947788,0.110580351,0.175652372,2.720124909,3.01,4.71849887129509,1.01862224613552,1.01862224613552,"Ictiobus bubalus"
"227",0.574395286,0.236382302,0.517014502,0.57477517,0.156740724,0.233957069,2.44818184,3.11,4.81218435537242,1.18528480925239,1.18528480925239,"Ictiobus cyprinellus"
"228",0.457732368,0.183521923,0.173701465,0.583906342,0.161981981,0.170484405,2.900035806,3.42,4.81218435537242,1.14301188616823,1.36263999434378,"Ictiobus niger"
"229",0.468722209,0.394337169,0.097558231,0.60183029,0.123718906,0.195650233,3.28393866,2.94,3.39114704580865,1.47359055569098,1.47359055569098,"Iheringichthys labrosus"
"230",0.570299941,0.373605846,0.52490001,0.499289512,0.389402477,0.186832259,2.773835634,3.22,3.80666248977032,0.976603355094678,0.976603355094678,"Kuhlia rupestris"
"231",0.45719643,0.323496111,0.259476487,0.510065252,0.171424286,0.218968818,2.807731768,2,4.31748811353631,1.22966774427203,1.22966774427203,"Labeo coubie"
"232",0.509374498,0.220350113,0.154030919,0.512572001,0.165872391,0.233442449,2.166653847,2,3.63758615972639,1.275365663537,1.275365663537,"Labeo parvus"
"233",0.591551961,0.19324147,0.281814807,0.465915956,0.290200246,0.198913201,1.670907379,3.34025845105852,4.17438726989564,1.19977419458687,1.19977419458687,"Labeo senegalensis"
"234",0.44147526,0.411882353,0.269644531,0.3984375,0.25,0.193187388,2.83091167611492,3.1,4.40671924726425,1.13318437650638,1.13318437650638,"Labeobarbus bynni"
"235",0.416460463,0.286118079,0.26712447,0.36193326,0.258537459,0.203416507,2.29331597,3.2,3.19867311755068,0.958616515073229,0.958616515073229,"Labeobarbus wurtzi"
"236",0.471497705,0.628565998,0.559578758,0.644562285,0.528515611,0.157045455,3.546281655,3.35,2.56494935746154,1.9420113421469,1.9420113421469,"Labidesthes sicculus"
"237",0.414952318,0.327294604,0.322023631,0.353913513,0.37460565,0.174819387,1.935588273,4.48,5.29831736654804,1.04907783048059,1.04907783048059,"Lates niloticus"
"238",0.580084929,0.328617219,0.45387644,0.504844262,0.315546989,0.210113596,2.25940571,4.1,3.43398720448515,1.05269055107683,1.05269055107683,"Leiopotherapon unicolor"
"239",0.335192513,0.517447799,0.163994652,0.413609626,0.221032086,0.083093326,2.375456884,4,5.01063529409626,2.14248726297408,2.14248726297408,"Lepisosteus oculatus"
"240",0.657994382,0.417702324,0.497840077,0.808904572,0.302211477,0.054895659,2.965699566,4.19,5.29831736654804,2.36542000255913,2.36542000255913,"Lepisosteus osseus"
"241",0.574628334,0.533264176,0.63119066,0.425579107,0.305284434,0.102870247,2.500614583,3.9,4.47733681447821,2.13712355591717,2.13712355591717,"Lepisosteus platostomus"
"242",0.541623076,0.304964539,0.416639368,0.496665997,0.323861455,0.218364673,2.372348955,3.24,3.41772668361337,0.741648293910595,0.741648293910595,"Lepomis auritus"
"243",0.572431215,0.30877193,0.48164257,0.550433201,0.302440833,0.211780812,2.507163324,3.49,3.43398720448515,0.882960295425948,0.882960295425948,"Lepomis cyanellus"
"244",0.523731719,0.330129489,0.464434835,0.494616905,0.318648272,0.250377931,2.415496154,3.25,3.68887945411394,0.764969254144301,0.764969254144301,"Lepomis gibbosus"
"245",0.656447212,0.432426311,0.639960352,0.473128485,0.320984772,0.234362967,2.828672096,3.35,3.43398720448515,0.867276354990931,0.867276354990931,"Lepomis gulosus"
"246",0.519635589,0.3984375,0.429411808,0.466819355,0.349184525,0.247897519,2.704383792,3.61,2.70805020110221,0.794720207729979,0.794720207729979,"Lepomis humilis"
"247",0.53012832,0.285712472,0.489906007,0.514919493,0.3382264,0.300838867,2.975986278,3.24,3.71357206670431,0.641612100102393,0.641612100102393,"Lepomis macrochirus"
"248",0.515778473,0.379359679,0.409744146,0.527870839,0.312574919,0.283171836,2.603256389,3.3,2.484906649788,0.752592554866682,0.752592554866682,"Lepomis marginatus"
"249",0.551248096,0.272805195,0.436860496,0.551921871,0.360738285,0.255103837,2.643664085,3.64,3.17805383034795,0.710827077535869,0.710827077535869,"Lepomis megalotis"
"250",0.467191628,0.319605616,0.362397668,0.495481806,0.308141247,0.300112226,2.126116509,3.5,3.76584049525006,0.833151884335736,0.833151884335736,"Lepomis microlophus"
"251",0.588233772,0.41779447,0.529410865,0.468283277,0.331794134,0.236996067,2.082451343,3.4,2.77258872223978,0.772274456584527,0.772274456584527,"Lepomis miniatus"
"252",0.531263995,0.416657764,0.453128035,0.478525111,0.3338582,0.243739738,2.0471017,3.4,2.99573227355399,0.802011223093747,0.802011223093747,"Lepomis punctatus"
"253",0.472554325,0.360283086,0.464835413,0.50679422,0.21533933,0.168423037,3.334068424,3.26,3.68887945411394,1.22114172528385,1.22114172528385,"Leporinus friderici"
"254",0.514284187,0.397062702,0.499342529,0.403024221,0.241305009,0.1531142,2.098586573,3.72,3.17805383034795,0.993570927260332,0.993570927260332,"Leporinus lacustris"
"255",0.433064294,0.472083149,0.47113322,0.680182624,0.12047509,0.15772719,3.089545793,3.24,2.484906649788,1.46770882519756,1.46770882519756,"Leucaspius delineatus"
"256",0.591368334,0.226139983,0.562939922,0.427810753,0.346982617,0.174020601,2.212635366,4.46999979019165,4.78749174278205,1.38516835841672,1.38516835841672,"Leuciscus aspius"
"257",0.497896326,0.408502122,0.319111824,0.485192651,0.250707591,0.166581396,2.993740354,2.8,3.68887945411394,1.40814247512806,1.40814247512806,"Leuciscus burdigalensis"
"258",0.520366586,0.406840754,0.542585138,0.465069806,0.240230979,0.185600454,2.150565321,3.79,4.44265125649032,1.27646120086052,1.27646120086052,"Leuciscus idus"
"259",0.476097198,0.443884164,0.324335707,0.551620454,0.226099646,0.163173148,2.808990347,2.87,3.68887945411394,1.51710876008896,1.51710876008896,"Leuciscus leuciscus"
"260",0.682214181,0.242457869,0,0.628951691,0,0.134505745,5.435635367,2.45000004768372,3.6454498961866,2.11134898455399,2.11134898455399,"Loricariichthys platymetopon"
"261",0.667455394,0.263444308,0,0.645026922,0,0.154211743,2.59180438081265,2.6,3.3322045101752,2.20258919611395,2.20258919611395,"Loricariichthys rostratus"
"262",0.773211219,0.481078462,0.524813967,0.649656554,0.658757871,0.123253268,1.758428693,3.84,5.02388052084628,1.99786885285891,1.99786885285891,"Lota lota"
"263",0.50482058,0.559133759,0.492203082,0.586783449,0.375394814,0.177438578,1.621360188,3.2,1.82454929205105,1.29382216313288,1.29382216313288,"Lucania parva"
"264",0.483371139,0.257130613,0.385708873,0.516678066,0.14524851,0.15942439,3.088623188,3.27,3.17805383034795,1.10727900462091,1.10727900462091,"Luxilus chrysocephalus"
"265",0.534878878,0.449228814,0.496837558,0.571467315,0.158291603,0.134695456,3.036460747,3,2.63905732961526,1.42787234372913,1.42787234372913,"Luxilus coccogenis"
"266",0.53351614,0.442392068,0.485282688,0.535479422,0.203752951,0.196708096,2.963767242,2.75,2.89037175789616,1.27609462753387,1.27609462753387,"Luxilus cornutus"
"267",0.576705,0.515112537,0.5300425,0.55004,0.2333325,0.163447225,2.778514929,3,2.30258509299405,1.42551807907635,1.42551807907635,"Luxilus zonistius"
"268",0.531550802,0.702502185,0.540615238,0.569488714,0.193745257,0.135365931,2.636223837,3.2,1.94591014905531,1.66135877845737,1.66135877845737,"Lythrurus fumeus"
"269",0.575468239,0.448330083,0.57547864,0.502713357,0.239014611,0.17170056,3.231638864,3.03,2.19722457733622,1.32394786986175,1.32394786986175,"Lythrurus umbratilis"
"270",0.533494692,0.28644898,0.554399917,0.33885412,0.343114,0.189194634,2.56318629,3.69,4.33073334028633,1.03485643716474,1.03485643716474,"Macquaria ambigua"
"271",0.463121085,0.338011628,0.367447876,0.514951559,0.334814318,0.19620734,2.345376037,3.4,4.0943445622221,1.07841642452445,1.07841642452445,"Percalates novemaculeatus"
"272",0.667410396,0.407863696,0.277961121,0.564677053,0.298370739,0.154823819,2.938253753,3.2,2.19722457733622,1.43494511533411,1.43494511533411,"Macrhybopsis aestivalis"
"273",0.630173008,0.310073219,0.285716876,0.653875449,0.240723949,0.20479659,2.948607967,3.3,2.12823170584927,1.75245726611456,1.75245726611456,"Macrhybopsis gelida"
"274",0.617930646,0.23251461,0.336857304,0.588343979,0.264579204,0.159941517,3.128188611,3.3,2.39789527279837,1.52668227188378,1.52668227188378,"Macrhybopsis meeki"
"275",0.572636548,0.480922032,0.298414406,0.652439146,0.254063583,0.161946524,2.853970017,3.63,3.13549421592915,1.59739908083273,1.59739908083273,"Macrhybopsis storeriana"
"276",0.80797162,0.119402985,0.771410143,0.800267552,0.446752347,0.110214182,1.518962963,2.93,4.80402104473326,1.49407931410301,1.49407931410301,"Malapterurus electricus"
"277",0.406080847,0.249151163,0.298389113,0.356348177,0.284861694,0.123449926,3.876388662,3.1,3.46573590279973,1.15759673821553,1.15759673821553,"Marcusenius furcidens"
"278",0.510265692,0.327282128,0.499992673,0.382644313,0.372444568,0.162499847,3.257459777,3.2,3.46885603013597,1.27725442747592,1.22393355201433,"Marcusenius senegalensis"
"279",0.543287589,0.153772816,0.41877685,0.388013126,0.409361575,0.196551997,3.784210363,3.1,3.41772668361337,1.12858229535028,1.12858229535028,"Marcusenius ussheri"
"280",0.64126485,0.5,0.508001624,0.583072166,0.262975959,0.190210291,3.23255814,3.2,2.2082744135228,1.53776258681043,1.53776258681043,"Meda fulgida"
"281",0.678671102,0.212942738,0,0.84598614,0,0.406705893,2.485759448,2.77077415505293,4.0943445622221,1.5363816546349,1.5363816546349,"Megalancistrus parananus"
"282",0.496447955,0.433333333,0.467980114,0.441247849,0.182382444,0.153448885,3.23020573,2.5,3.91202300542815,1.29813909704991,1.29813909704991,"Megaleporinus elongatus"
"283",0.468228527,0.280553637,0.46489693,0.478723639,0.21490443,0.12959368,2.070328943,2.5,4.22537282462851,1.20355072556323,1.20355072556323,"Megaleporinus macrocephalus"
"284",0.485040158,0.316909506,0.4494364,0.42320566,0.220401327,0.146263047,2.618335963,3.23,4.33073334028633,1.21219371227219,1.21219371227219,"Megaleporinus obtusidens"
"285",0.414630101,0.311111111,0.399996098,0.439020107,0.199998049,0.170385976,3.169484317,2.6,3.63811233706028,1.13225744139861,1.13225744139861,"Megaleporinus piavussu"
"286",0.574611447,0.494784572,0.632583891,0.572525514,0.150022442,0.169423708,3.683126263,3.48,5.01063529409626,1.3487362380175,1.3487362380175,"Megalops cyprinoides"
"287",0.463815295,0.43876184,0.453016646,0.581950732,0.527991684,0.213493298286913,3.019935806,2.9,2.39789527279837,1.17999137406795,1.17999137406795,"Melanotaenia duboulayi"
"288",0.603131844,0.683736523,0.603413527,0.618933888,0.740748088,0.163359017,2.894710388,3.2,2.70805020110221,1.81420628694853,1.81420628694853,"Menidia beryllina"
"289",0.56777756,0.309949515,0.554206071,0.398700429,0.322926179,0.179609156,4.254763035,3.5,2.79728133483015,0.466085600033718,0.466085600033718,"Metynnis lippincottianus"
"290",0.573535323,0.403768506,0.459335914,0.597356059,0.399290202,0.147357771,3.2,3.6,3.85014760171006,1.36520454002511,1.36520454002511,"Micropterus coosae"
"291",0.652592702,0.332552432,0.601273409,0.610300565,0.389737954,0.171659093,2.828317774,3.56,4.23410650459726,1.20638325635081,1.20638325635081,"Micropterus dolomieu"
"292",0.619045718,0.304379901,0.551825412,0.515434809,0.386563502,0.164817295,2.64564865,3.56,4.15888308335967,1.20816189940225,1.20816189940225,"Micropterus punctulatus"
"293",0.598507859,0.271130617,0.546138912,0.471328002,0.326692452,0.172997466,2.367404334,3.84,4.57471097850338,1.06401705921224,1.06401705921224,"Micropterus salmoides"
"294",0.501766784,0.272235108,0.130742049,0.597215548,0.155477032,0.204057579,3.780000605,3.43,3.91202300542815,1.43727210222574,1.43727210222574,"Minytrema melanops"
"295",0.497109649,0.235894757,0.158328947,0.520600877,0.169592105,0.110659668,1.343433219,3.24,3.3322045101752,1.91019271582185,1.74752711001243,"Misgurnus anguillicaudatus"
"296",0.454787158,0.191796586,0.164344414,0.518909773,0.13868115,0.13427468730139,2.006729063,3.4,3.40119738166216,2.01040766595937,1.72649423944977,"Misgurnus fossilis"
"297",0.506177865,0.240054697,0.511360011,0.611504142,0.466007988,0.151081879,1.655642611,3.45,2.63905732961526,1.33778774454704,1.33778774454704,"Mogurnda adspersa"
"298",0.45791416,0.196333333,0.373726174,0.342404331,0.326610251,0.126894514,3.905529628,3.77,5.01063529409626,1.59082705479826,1.59082705479826,"Mormyrops anguilloides"
"299",0.553645445172256,0.367459754871591,0.322523348922915,0.582408198,0.288921064294798,0.140641900321661,2.704009434,3.3,4.17438726989564,2.1476920527021,1.79505577521579,"Mormyrops breviceps"
"300",0.465260421,0.191568084,0.22397041,0.457117548,0.316934666,0.106126596,3.445124034,3.2,3.91202300542815,1.53119067004766,1.53119067004766,"Mormyrus hasselquistii"
"301",0.447265641,0.254776262,0.214530319,0.379057029,0.322974393,0.141278595,3.241779773,2.48,4.60517018598809,1.35210128781798,1.35210128781798,"Mormyrus rume"
"302",0.472522853,0.408997653,0.347356224,0.449977501,0.360438316,0.211337246,2.6667967,3.14,4.06044301054642,1.0013950346198,1.0013950346198,"Morone americana"
"303",0.504293644,0.478349465,0.487330335,0.447893882,0.332440849,0.167800492,2.127240239,4.04,3.80666248977032,1.0825173272163,1.0825173272163,"Morone chrysops"
"304",0.501751373,0.470234413,0.328622174,0.466417682,0.381603867,0.206227864,2.892144026,4.1,3.8286413964891,1.07602667986877,1.07602667986877,"Morone mississippiensis"
"305",0.645352095,0.295859905,0.613368246,0.491275844,0.386636114,0.154030837,2.867191666,4.65,5.29831736654804,1.23938038672782,1.23938038672782,"Morone saxatilis"
"306",0.51491424,0.329753812,0.14374685,0.618485284,0.120532435,0.171483571,2.317764018,3.01,4.30406509320417,1.3237854684922,1.3237854684922,"Moxostoma anisurum"
"307",0.515951514,0.413229411,0.168787245,0.531990207,0.165725205,0.146698964,2.69703971,3.56,4.34380542185368,1.23900075299826,1.23900075299826,"Moxostoma carinatum"
"308",0.581945011,0.282179132,0.090288321,0.652219421,0.157487911,0.201743879,2.981009003,3.1,3.80666248977032,1.43751441903822,1.5290591769872,"Moxostoma collapsum"
"309",0.555975903,0.387276521,0.202823707,0.604890789,0.202911118,0.157165607,2.639360656,3.1,4.17438726989564,1.43825258430578,1.43825258430578,"Moxostoma congestum"
"310",0.603144172,0.292671671,0.219525207,0.541877834,0.209730928,0.18569505,2.901687311,3.04,3.93182563272433,1.43733338874689,1.43733338874689,"Moxostoma duquesnei"
"311",0.492648775,0.31061533,0.07719751,0.591858604,0.139738521,0.176040424,2.633902416,3.04,4.35670882668959,1.42346310070313,1.42346310070313,"Moxostoma erythrurum"
"312",0.485691387,0.279344889,0.14197193,0.593181907,0.10129403,0.135893883,3.102089394,3.1,3.78418963391826,1.54398520310048,1.54398520310048,"Moxostoma lachneri"
"313",0.427608303,0.331098905,0.162886286,0.512366733,0.176674803,0.163250001,1.941254114,3.13,4.31748811353631,1.39862451561832,1.39862451561832,"Moxostoma macrolepidotum"
"314",0.525019173,0.291666667,0.070839444,0.645829689,0.170889227,0.167751436,3.395815469,3.1,3.80666248977032,1.49074491941707,1.56499338655591,"Moxostoma pappillosum"
"315",0.50758517,0.297737342,0.140201589,0.598480315,0.147775396,0.17900137,2.74353966358074,3.1,3.93182563272433,1.44516701666869,1.44516701666869,"Moxostoma poecilurum"
"316",0.555333459,0.498534249,0.589632462,0.521260137,0.674227773,0.195523875,2.442879162,2.48,4.60517018598809,1.38654934110973,1.38654934110973,"Mugil cephalus"
"317",0.507637604,0.276566621,0.315864588,0.387871408,0.366405261,0.160547009,2.62818986348023,3.19,5.19295685089021,1.3836117599106,1.3836117599106,"Mylopharyngodon piceus"
"318",0.547654316,0.342739726,0.481566147,0.37416134,0.322803852,0.183661412,1.983747153,2.8,3.87120101090789,0.851164519359831,0.851164519359831,"Nematalosa erebi"
"319",0.663162553,0.275775551,0.408789184,0.662304587,0.551717287,0.18521319,2.132923063,3.41,2.99573227355399,1.52049412299217,1.52049412299217,"Neogobius fluviatilis"
"320",0.730706368,0.297320611,0.543404063,0.629741085,0.71641461,0.248505977,1.908822333,3.3,3.2188758248682,1.3921826165181,1.3921826165181,"Neogobius melanostomus"
"321",0.561716547,0.25683832,0.309770115,0.591075689,0.254879636,0.168820869,2.386740773,3.03,3.25809653802148,1.27214056850546,1.27214056850546,"Nocomis biguttatus"
"322",0.624255465,0.218499636,0.433789156,0.549863836,0.283032607,0.149583798,2.117192919,3.1,3.25809653802148,1.30412865940508,1.30412865940508,"Nocomis leptocephalus"
"323",0.643583027,0.252472123,0.332189186,0.698953659,0.228603459,0.158098565,2.294693192,3.17,3.49650756146648,1.44179609461691,1.44179609461691,"Nocomis micropogon"
"324",0.575313761,0.29566016,0.253371293,0.510729761,0.256817485,0.15544596,1.957082329,3.1,3.46573590279973,1.41561472255805,1.41561472255805,"Nocomis raneyi"
"325",0.486819417,0.429694444,0.47798691,0.395879336,0.261053831,0.165396508,2.965019458,2.65,3.46573590279973,1.20428330131676,1.20428330131676,"Notemigonus crysoleucas"
"326",0.73152265,0.27775096,0.621904714,0.482956154,0.461180219,0.25417445,2.45220395961055,3.12,3.40119738166216,0.83928212994303,0.83928212994303,"Notesthes robusta"
"327",0.476470588,0.672368421,0.458858824,0.612470588,0.211764706,0.168189353,2.54467093,2.9,1.82454929205105,1.53115962761732,1.53115962761732,"Notropis amabilis"
"328",0.450170468,0.619530973,0.36917624,0.508590911,0.256901421,0.175667388,2.396554348,2.8,2.39789527279837,1.61043614263651,1.61043614263651,"Notropis amoenus"
"329",0.568281312,0.632200736,0.594858376,0.550661288,0.295185798,0.149678781,2.726114511,2.8,2.56494935746154,1.63470323553108,1.63470323553108,"Notropis atherinoides"
"330",0.507310166,0.541267123,0.357960891,0.532842826,0.259224385,0.154774468,2.262453901,2.9,2.07944154167984,1.45588802083078,1.45588802083078,"Notropis atrocaudalis"
"331",0.611257897,0.479096324,0.42427844,0.630886534,0.29573692,0.186528081,2.90048032,2.9,2.07944154167984,1.53959117229076,1.53959117229076,"Notropis bairdi"
"332",0.485308824,0.555585648,0.360294118,0.529422794,0.213235294,0.212495219,2.551493024,2.7,2.56494935746154,1.4842972693203,1.4842972693203,"Notropis blennius"
"333",0.588241998,0.628037292,0.503687473,0.602947772,0.246432012,0.174530709,2.881068136,3.2,2.19722457733622,1.48511289241026,1.48511289241026,"Notropis boops"
"334",0.597173697,0.500541964,0.42211822,0.591284255,0.313486358,0.185983774,2.721643143,3.14,2.30258509299405,1.5041553739582,1.5041553739582,"Notropis buccata"
"335",0.520157999,0.569072966,0.390173014,0.577336191,0.274131346,0.191472527,2.491587815,2.9,1.85629799036563,1.4408915875705,1.4408915875705,"Notropis buchanani"
"336",0.54741462,0.696739503,0.535335124,0.528300077,0.241416709,0.163457171,2.997306095,2.9,1.97408102602201,1.57459589072405,1.57459589072405,"Notropis cummingsae"
"337",0.592741784,0.514020366,0.451298122,0.563399061,0.330985915,0.14427774,2.20571941,2.86,2.07944154167984,1.55938378070412,1.55938378070412,"Notropis dorsalis"
"338",0.470541834,0.463016082,0.271872316,0.473618245,0.239775974,0.225314147,2.494626094,2.9,2.07944154167984,1.45977170186027,1.45977170186027,"Notropis girardi"
"339",0.510548683,0.625825588,0.358737512,0.653999386,0.240535931,0.188988902,3.054161469,2.9,2.07944154167984,1.63605242917808,1.63605242917808,"Notropis greenei"
"340",0.577618018,0.586121929,0.394397688,0.527457146,0.278188792,0.178362481,3.01540197,2.11,2.70805020110221,1.46690670198317,1.46690670198317,"Notropis hudsonius"
"341",0.587690824,0.577958408,0.381488028,0.608902459,0.284043066,0.149849247,2.388759035,2.9,1.62924053973028,1.64077836407109,1.64077836407109,"Notropis hypsilepis"
"342",0.539546209,0.511304831,0.567315072,0.628287959,0.222332305,0.141150761,2.500490858,2.9,2.07944154167984,1.61003218481928,1.61003218481928,"Notropis jemezanus"
"343",0.56311308,0.552884459,0.431556014,0.647307708,0.19997474,0.173104477,3.32486315,2.9,2.10413415427021,1.65585965811339,1.65585965811339,"Notropis leuciodus"
"344",0.467156084,0.374596491,0.219899925,0.585520188,0.160229369,0.136147958,2.601923011,2.9,1.87180217690159,1.53297222869224,1.53297222869224,"Notropis longirostris"
"345",0.552795031,0.516551555,0.506248447,0.468984472,0.239149068,0.18355298,2.388367327,2.9,2.07944154167984,1.32216983294207,1.32216983294207,"Notropis lutipinnis"
"346",0.5178445,0.691651674,0.496569206,0.617009746,0.260644203,0.144306714,3.134608853,2.9,1.70474809223843,1.62000553945345,1.62000553945345,"Notropis ortenburgeri"
"347",0.585904968,0.549783178,0.533865213,0.60305388,0.2412222,0.153500643,3.204917646,3.27,2.63905732961526,1.69810863226926,1.69810863226926,"Notropis photogenis"
"348",0.633569453,0.458363414,0.449953908,0.582439798,0.322158071,0.151447466,2.326955751,2.8,2.39789527279837,1.46468984031876,1.46468984031876,"Notropis potteri"
"349",0.551155378,0.678988095,0.398086964,0.477264592,0.318176395,0.158164431,3.411640112,2.78,1.97408102602201,1.63085707478609,1.63085707478609,"Notropis procne"
"350",0.54699033,0.487001919,0.529914009,0.658111413,0.256436472,0.178925117,2.834846559,3.08,2.19722457733622,1.61282116577271,1.61282116577271,"Notropis rubellus"
"351",0.550176935,0.403261155,0.22491638,0.552959426,0.262979301,0.13911726,2.115480769,2.9,1.79175946922805,1.42533280862534,1.42533280862534,"Notropis sabinae"
"352",0.502299634,0.580134755,0.433810612,0.598237004,0.223788797,0.155853675,2.811185793,2.8,2.30258509299405,1.48824009842792,1.48824009842792,"Notropis shumardi"
"353",0.470593978,0.5073978,0.377222028,0.561411359,0.228389889,0.194915237,2.357479543,2.8,2.30258509299405,1.36861290720894,1.36861290720894,"Notropis simus"
"354",0.469444705,0.553627415,0.289446852,0.644009016,0.22366744,0.15952818,2.965551086,2.9,2.07944154167984,1.74901959543308,1.74901959543308,"Notropis spectrunculus"
"355",0.530547179,0.545412046,0.382686611,0.511484251,0.263745898,0.162641024,2.623525246,2.37,2.10413415427021,1.41055206232074,1.41055206232074,"Notropis stramineus"
"356",0.474462099,0.664347465,0.465822347,0.632400351,0.21795825,0.20870442,2.81408461,2.8,2.484906649788,1.59205042010618,1.59205042010618,"Notropis telescopus"
"357",0.504110622,0.596754943,0.454914304,0.508208949,0.282784567,0.186456357,2.52055208,2.49,2.19722457733622,1.41855496312379,1.41855496312379,"Notropis texanus"
"358",0.56716108,0.523342476,0.389204387,0.569783571,0.310058387,0.168098617,2.963439017,2.98,2.07944154167984,1.5169013806493,1.5169013806493,"Notropis volucellus"
"359",0.493378546,0.670189454,0.382279589,0.582374389,0.195558959,0.186355288,2.833925703,2.9,2.05412373369555,1.49669302820208,1.49669302820208,"Notropis wickliffi"
"360",0.697224123,0.242960806,0.338015503,0.650365289,0.45447817,0.159471416,1.71407658,3.3,2.56494935746154,1.58969051471274,1.58969051471274,"Noturus eleutherus"
"361",0.678776497,0.287178136,0.527264325,0.709078932,0.430447949,0.131433026,1.779008149,3.4,2.70805020110221,1.89023354408823,1.89023354408823,"Noturus exilis"
"362",0.586166815,0.349859803,0.264218641,0.668075602,0.412320181,0.167163925,1.797630435,3.24,3.43398720448515,1.6797386372679,1.6797386372679,"Noturus flavus"
"363",0.565012387,0.274446036,0.276521888,0.5461886,0.406554792,0.169448411,1.468282046,3.34,2.56494935746154,1.60253089158973,1.60253089158973,"Noturus gyrinus"
"364",0.597817964,0.258113539,0.320694012,0.674102254,0.456515536,0.171038339,1.483221477,3.31,2.70805020110221,1.75674740236547,1.75674740236547,"Noturus insignis"
"365",0.715053763,0.218174757,0.478526882,0.553763441,0.57011828,0.122119584,1.621705735,3.3,2.24070968927596,1.54962170031647,1.54962170031647,"Noturus leptacanthus"
"366",0.56022652,0.380338744,0.301120075,0.66386591,0.236855228,0.187896571,1.783658045,3.5,2.56494935746154,1.61224338301876,1.61224338301876,"Noturus miurus"
"367",0.660394517,0.271097744,0.344339476,0.691131689,0.462268367,0.14921107,1.605586843,3.4,2.70805020110221,1.83613162454336,1.83613162454336,"Noturus nocturnus"
"368",0.657989198,0.18156312,0.70149116,0.561969539,0.295372203,0.130168915,2.274087444,3.89,4.59511985013459,1.3522954897088,1.3522954897088,"Oncorhynchus clarkii"
"369",0.569324567,0.296599751,0.482902796,0.581876792,0.257360533,0.153700295,2.717114626,4.18,4.68213122712422,1.37435442392202,1.37435442392202,"Oncorhynchus kisutch"
"370",0.620476307,0.194426635,0.617870034,0.589889529,0.325828649,0.156226308,2.557863999,3.6,4.36944785246702,1.39306262962792,1.39306262962792,"Oncorhynchus masou"
"371",0.603331072,0.318734538,0.50286397,0.525988454,0.243535353,0.155970227,2.650049006,4.08,4.80402104473326,1.37255117416827,1.37255117416827,"Oncorhynchus mykiss"
"372",0.520788792,0.282991516,0.477860592,0.55844327,0.217770717,0.149391074,3.091758881,4.4,5.01063529409626,1.36954777529342,1.36954777529342,"Oncorhynchus tshawytscha"
"373",0.494115073,0.660138943,0.520208513,0.544727582,0.245908636,0.149960907,3.570188967,2.88,1.94591014905531,1.59555713079118,1.59555713079118,"Opsopoeodus emiliae"
"374",0.59197164,0.324630069,0.464649112,0.489498561,0.385858656,0.319512947,2.383391003,2.06,3.8286413964891,0.911095760547039,0.911095760547039,"Oreochromis aureus"
"375",0.558858251,0.221400067,0.500847926,0.571703629,0.280433988,0.349541403,2.333975575,2.17,3.66356164612965,0.789782245044108,0.789782245044108,"Oreochromis mossambicus"
"376",0.529411566,0.328973443,0.440296211,0.457829901,0.392379683,0.29965704,2.545328124,2,4.15888308335967,0.978769633826544,0.978769633826544,"Oreochromis niloticus"
"377",0.637819573,0.432381904,0.57449545,0.556041537,0.249461082,0.137254391,3.794753663,3,3.58351893845611,1.72872751913108,1.72872751913108,"Osmerus mordax"
"378",0.520187599,0.418052205,0.359965891,0.594465045,0.617204357,0.206586059,2.238214286,3.7,3.80666248977032,1.64755533949874,1.64755533949874,"Oxyeleotris lineolata"
"379",0.457590199,0.45480303,0.43636652,0.550830837,0.176123987,0.162700916,2.246286371,2.78,2.99573227355399,1.32368300261095,1.32368300261095,"Pachychilon pictum"
"380",0.505145167,0.414487123,0.43005289,0.559313232,0.15051212,0.115276519,0,3.15,4.38202663467388,1.6490684587097,1.6490684587097,"Papyrocranus afer"
"381",0.547940595,0.432179532,0.465760725,0.438372109,0.236337246,0.156697815,2.624828153,2.79,3.40119738166216,1.48080964553311,1.48080964553311,"Parachondrostoma toxostoma"
"382",0.487982482,0.388464514,0.401412646,0.47006921,0.329288079,0.179624041,2.606796623,3.67,3.91202300542815,1.29532479254268,1.29532479254268,"Perca flavescens"
"383",0.5129916,0.360131605,0.436473059,0.508425097,0.361675652,0.183462986,3.009296765,4.35,4.0943445622221,1.18910509992661,1.18910509992661,"Perca fluviatilis"
"384",0.560296743,0.41219592,0.27568063,0.531325549,0.468611247,0.17905916,1.793048505,3.5,2.89037175789616,1.63786683971406,1.63786683971406,"Percina aurantiaca"
"385",0.628528375,0.479622892,0.404940529,0.576084356,0.461919436,0.145956066,2.890723393,3.43,2.89037175789616,1.75356390075436,1.75356390075436,"Percina caprodes"
"386",0.511741796,0.409373428,0.212973957,0.624387269,0.467740669,0.20456983,2.140746119,3.4,2.56494935746154,1.73497575088686,1.73497575088686,"Percina carbonaria"
"387",0.709400057,0.477850746,0.443383939,0.681753429,0.49459685,0.246038638,2.391304348,3.34,1.97408102602201,1.79748368973907,1.79748368973907,"Percina copelandi"
"388",0.585306292,0.404089552,0.341169123,0.536442028,0.476760851,0.23605686,2.768284715,3.4,2.30258509299405,1.63402252777835,1.63402252777835,"Percina evides"
"389",0.635069562,0.500318081,0.464994188,0.55999175,0.390122623,0.176974243,2.482690849,3.4,2.39789527279837,1.82049779953765,1.82049779953765,"Percina macrolepida"
"390",0.549215686,0.542362541,0.372678922,0.578514706,0.392279412,0.177563832,2.900705953,3.95,2.39789527279837,1.69309760041759,1.69309760041759,"Percina maculata"
"391",0.609755137,0.636676923,0.32926541,0.640230089,0.500068948,0.197946245,2.302605849,3.4,4.3528552573736,1.8940480768541,1.8940480768541,"Percina nevisense"
"392",0.599102672,0.4262934,0.396695751,0.504040454,0.396801101,0.197599589,2.115028623,3.4,2.39789527279837,1.56447809098685,1.56447809098685,"Percina nigrofasciata"
"393",0.50917217,0.564675991,0.31363672,0.595732495,0.42729594,0.250752097,2.526659088,3.4,2.19722457733622,1.73807329945954,1.73807329945954,"Percina peltata"
"394",0.521565625,0.547276906,0.336492208,0.576101252,0.398360508,0.202945723,2.63139722,3.4,2.30258509299405,1.73631220782548,1.73631220782548,"Percina phoxocephala"
"395",0.615035242,0.450236913,0.38959068,0.579892836,0.469027782,0.214435425,2.503407221,3.3,2.07944154167984,1.55297896574525,1.55297896574525,"Percina roanoka"
"396",0.535692706,0.461411023,0.28682921,0.603417895,0.451352574,0.177652092,3.077200213,3.2,2.56494935746154,1.63330140950073,1.63330140950073,"Percina sciera"
"397",0.49908513,0.439712863,0.265235331,0.59230454,0.417899003,0.211034959,2.5603954762724,3.36,2.07944154167984,1.52710459601831,1.52710459601831,"Percina shumardi"
"398",0.557931424,0.467112598,0.363156813,0.568421593,0.479387888,0.192395446,2.100896272,3.4,2.56494935746154,1.76602350408466,1.76602350408466,"Percina squamata"
"399",0.498044927,0.405373194,0.22581368,0.780258809,0.227225366,0.203748974,3.416359754,3.38,2.99573227355399,1.56640304423055,1.56640304423055,"Percopsis omiscomaycus"
"400",0.547940243,0.29798331,0.349684309,0.471329009,0.369203699,0.188928898,3.643730428,3.2,2.99573227355399,1.07485086273883,1.07485086273883,"Petrocephalus bane"
"401",0.434597698,0.325377944,0.221954524,0.498823104,0.238672712,0.170878018,4.67648896,3.25,2.41591377830105,1.09302817381257,1.09302817381257,"Petrocephalus bovei"
"402",0.541231919,0.300103525,0.289283276,0.552601983,0.334601008,0.150692157,3.637156722,3.2,2.2082744135228,1.1606305716718,1.1606305716718,"Petrocephalus pellegrini"
"403",0.651147426,0.392192289,0.33501663,0.567417949,0.302340416,0.137795386,2.405745923,2.9,2.41591377830105,1.63680626457499,1.63680626457499,"Phenacobius crassilabrum"
"404",0.558431964,0.373708216,0.284658877,0.603279306,0.226709386,0.174021911,2.451021348,2.9,2.484906649788,1.55959336683989,1.53351074550051,"Phenacobius mirabilis"
"405",0.615209105,0.584814692,0.556163697,0.716695462,0.651464595,0.185669905219655,2.382077808,3.75,2.484906649788,1.77461989802822,1.77461989802822,"Philypnodon grandiceps"
"406",0.453321275,0.46132951,0.257509475,0.530481051,0.262041559,0.151901614,2.332147296,3.2,2.63905732961526,1.57987709982854,1.57987709982854,"Phoxinus phoxinus"
"407",0.585049151,0.267820245,0.605192872,0.319446367,0.287096413,0.178101549,3.609049769,2,3.70130197411249,0.635715525981381,0.635715525981381,"Piaractus mesopotamicus"
"408",0.586058723,0.278777709,0.381957103,0.483357093,0.264335239,0.183944643,2.584526744,2.87,3.93182563272433,1.24585996751257,1.24585996751257,"Pimelodus maculatus"
"409",0.482508622,0.36288069,0.287797745,0.485584893,0.184019744,0.246808143,2.297624045,3.2,2.66025953726586,1.26461916604723,1.26461916604723,"Pimelodus mysteriosus"
"410",0.463630609,0.409653846,0.131004194,0.617235103,0.095877186,0.172069554,3.459891892,3.3,3.65065824129374,1.53581241165696,1.53581241165696,"Pimelodus ornatus"
"411",0.529953917,0.458908922,0.354958525,0.534582949,0.216785714,0.126774216,2.750049938,2.66,2.39789527279837,1.51504316613264,1.51504316613264,"Pimephales notatus"
"412",0.499082302,0.516243507,0.397517777,0.613863701,0.194594175,0.163325407,2.395224609,2.42,2.31253542384721,1.48597087618422,1.48597087618422,"Pimephales promelas"
"413",0.607769556,0.487987952,0.456046247,0.586568293,0.282704716,0.183721189,2.600928261,2.6,2.21920348405499,1.45705773657262,1.45705773657262,"Pimephales vigilax"
"414",0.516623425,0.132421312,0.373729492,0.418375817,0.226115101,0.240982705,2.684394001,4.5,4.78749174278205,1.42736642892921,1.42736642892921,"Pinirampus pirinampu"
"415",0.567241063,0.248132678,0.431235432,0.492967342,0.409425272,0.229748812,2.244233396,4.35,4.38202663467388,1.16409644879816,1.16409644879816,"Plagioscion squamosissimus"
"416",0.610478062,0.320122103,0.51860754,0.30865788,0.464029012,0.137147459,2.357198818,3.32,4.0943445622221,0.806268175104286,0.806268175104286,"Platichthys flesus"
"417",0.595280425,0.349117641,0.488371612,0.480877762,0.290223885,0.187584091,2.224203397,4.17,3.46573590279973,1.51468573947499,1.51468573947499,"Platygobio gracilis"
"418",0.5077998,0.331949161,0.399687572,0.582101876,0.191418408,0.146319714,2.648157856,2.78,4.24849524204936,1.60356204629455,1.60356204629455,"Plecoglossus altivelis"
"419",0.659657349,0.584171753,0.807199679,0.548578675,0.45266202,0.149295456,1.692986634,3.2,1.79175946922805,1.35249299752866,1.35249299752866,"Poecilia reticulata"
"420",0.56573728,0.388798331,0.180349298,0.37708989,0.221438172,0.109281629,4.379741505,3.4,5.39816270151775,1.91366460312963,1.91366460312963,"Polyodon spathula"
"421",0.359830535,0.402841894,0.256231613,0.391133933,0.291146265,0.129576661296441,1.446052794,3.77,4.14313472639153,1.96031136129695,1.96031136129695,"Polypterus endlicherii"
"422",0.459940079,0.437037037,0.448093767,0.483815476,0.294835359,0.218336949,2.588013511,4.39,3.97029191355212,0.980722628577543,0.980722628577543,"Pomoxis annularis"
"423",0.518641217,0.344596161,0.502919306,0.439424956,0.335282932,0.207328124,2.499158356,3.81,3.89182029811063,0.761687274091761,0.761687274091761,"Pomoxis nigromaculatus"
"424",0.782304661,0.301847685,0.59088589,0.748637171,0.644643623,0.19522075,2.441021584,3.47,3.09104245335832,1.66815858717541,1.66815858717541,"Ponticola kessleri"
"425",0.426769483,0.298327306,0.327516028,0.416240765,0.209993334,0.185833916,2.844715051,2.18,4.38202663467388,1.03987019052072,1.03987019052072,"Prochilodus lineatus"
"426",0.551628096,0.435587499,0.339090394,0.449841494,0.30261657,0.117593535,3.534597133,3.66,4.24849524204936,1.52254015189897,1.52254015189897,"Prosopium williamsoni"
"427",0.724972731,0.349765636,0.476977486,0.757464735,0.571883397,0.222763531,2.042634775,3.3,2.19722457733622,1.57296174258193,1.57296174258193,"Proterorhinus semilunaris"
"428",0.518817624,0.732767857,0.644360219,0.513917057,0.615048593,0.200663782,2.772148541,2.86,1.94591014905531,1.35497393392285,1.35497393392285,"Pseudomugil signifer"
"429",0.557016508,0.204420998,0.299215207,0.461477128,0.296676645,0.124615156,1.976140292,4.5,5.11198778835654,1.74082929890298,1.74082929890298,"Pseudoplatystoma corruscans"
"430",0.496265565,0.4223579,0.510742615,0.515789975,0.255900356,0.150239916,2.273507293,3.06,2.52572864430826,1.43865223984889,1.43865223984889,"Pseudorasbora parva"
"431",0.570973785,0.194019218,0.426367871,0.345742966,0.301547976,0.184013944,3.128756315,2.55,4.24849524204936,1.3692158047811,1.3692158047811,"Pterodoras granulosus"
"432",0.632183908,0.144444444,0,0.689655172,0,0.256452594,2.035914286,3.01309522640159,3.91202300542815,1.45477624634226,1.45477624634226,"Pterygoplichthys ambrosettii"
"433",0.55186264,0.485930127,0.439830375,0.531132522,0.311312769,0.148915886,2.650891211,4.21,4.14313472639153,1.55135293617362,1.55135293617362,"Ptychocheilus oregonensis"
"434",0.507155518,0.547368421,0.518242705,0.565065845,0.474768323,0.155576596,6.947578947,3.32,2.19722457733622,1.6183275125945,1.6183275125945,"Pungitius pungitius"
"435",0.430843613,0.587860135,0.340156342,0.569626316,0.375599837,0.178366959,6.121077912,3.5,2.19722457733622,1.74680136403288,1.74680136403288,"Pungitius sinensis"
"436",0.479554498,0.48926179,0.390152053,0.527692909,0.483568992,0.192549024608619,3.477369473,3.4,1.94591014905531,1.56267239554243,1.56267239554243,"Pungitius tymensis"
"437",0.611500816,0.291049242,0.413166319,0.540694424,0.318137226,0.15538586,2.055963225,3.78,5.04342511691925,1.62071920053692,1.62071920053692,"Pylodictis olivaris"
"438",0.594080439,0.468130124,0.571356964,0.451247166,0.269447428,0.171197149,2.752050799,3.3,2.40694510831829,1.37229904217438,1.37229904217438,"Raiamas nigeriensis"
"439",0.652615434,0.448011971,0.537125682,0.57862382,0.245414177,0.174530071,3.614775261,3.4,3.19867311755068,1.5156168456105,1.5156168456105,"Raiamas senegalensis"
"440",0.644816338,0.507198667,0.614536945,0.680683591,0.193050631,0.148141527,2.998392031,2.78999996185303,2.30258509299405,1.72850158496936,1.72850158496936,"Retropinna semoni"
"441",0.435421117,0.496855142,0.553593226,0.588266707,0.516611993,0.204323242,2.387669774,2.98,1.79175946922805,1.36206503898142,1.36206503898142,"Rhadinocentrus ornatus"
"442",0.595465505,0.262375713,0.349994274,0.516014724,0.350887767,0.148567904,1.815849912,3.92,3.85862222870103,1.49363857222726,1.49363857222726,"Rhamdia quelen"
"443",0.614852134,0.161348803,0.320404431,0.456827358,0.385430829,0.124344026242078,0,3.2,3.29583686600433,2.20849015848994,2.20849015848994,"Rhamphichthys hahni"
"444",0.713033317,0.337631262,0.863975115,0.664698482,0.333604095,0.199156718,2.732640924,4.5,4.38202663467388,1.67980842664206,1.67980842664206,"Rhaphiodon vulpinus"
"445",0.571343077,0.452439846,0.344501988,0.588317285,0.36548126,0.171886715,2.019528178,3.05,2.51769647261099,1.69329320370396,1.69329320370396,"Rhinichthys atratulus"
"446",0.638211382,0.27603937,0.325227642,0.516260163,0.353682927,0.202798367,2.297395749,3.2,3.11351530921037,1.59575035475017,1.59575035475017,"Rhinichthys cataractae"
"447",0.538162272,0.371885755,0.274806852,0.467364109,0.343515438,0.177896681,2.550329871,3,1.79175946922805,1.53584289709553,1.53584289709553,"Rhinichthys cobitis"
"448",0.483390035,0.400876725,0.208063881,0.500295226,0.267277737,0.177196788,2.149467449,3.13,2.17475172148416,1.53615406988457,1.53615406988457,"Rhinichthys obtusus"
"449",0.540867386,0.448538764,0.268593241,0.529237127,0.322954685,0.203140183,2.461444101,2.93,2.39789527279837,1.51310947910557,1.51310947910557,"Rhinichthys osculus"
"450",0.521251924,0.188224764,0.062368598,0.544844702,0.245887249,0.245107522,2.8073302939831,2.7,3.91202300542815,1.40845047708183,1.36093959047826,"Rhinodoras dorbignyi"
"451",0.460064888,0.509007617,0.384101293,0.3342143,0.250959949,0.135593304,2.319255319,2.95,2.41591377830105,0.900466764276176,0.900466764276176,"Rhodeus amarus"
"452",0.506974342,0.449856821,0.420093153,0.397029074,0.296229468,0.170444543,2.316537397,2.11,2.39789527279837,1.01030224441143,1.01030224441143,"Rhodeus sericeus"
"453",0.583910904,0.544445503,0.480404626,0.498059597,0.301134332,0.160565939,2.146628682,3.5,3.17805383034795,1.5615740369668,1.5615740369668,"Rhynchocypris lagowskii"
"454",0.498412141,0.544980226,0.492022364,0.498444089,0.204498403,0.163355529,3.20514474,3.41000008583069,2.89037175789616,1.30738599398463,1.30738599398463,"Richardsonius balteatus"
"455",0.504732997,0.442588346,0.53883644,0.453558901,0.167424225,0.164694479,3.967018306,3.33,2.19722457733622,0.977027667759599,0.977027667759599,"Roeboides descalvadensis"
"456",0.455062235,0.431532266,0.379343846,0.417817861,0.250272659,0.161840208,3.213864568,2.96,3.91601502669768,1.1690621483654,1.1690621483654,"Rutilus rutilus"
"457",0.730257426,0.255084507,0.345336634,0.702970297,0.582831683,0.189361263,2.399029522,3.5,2.73436750941958,1.54680806376845,1.54680806376845,"Salaria fluviatilis"
"458",0.657023123,0.201008239,0.588380768,0.46222668,0.198717076,0.15254013,3.119617594,3.79,4.60517018598809,1.25993190359225,1.25993190359225,"Salminus brasiliensis"
"459",0.467510023,0.20859375,0.424334804,0.421093263,0.244620095,0.124212585,3.076443168,4.5,5.01063529409626,1.37536760420041,1.37536760420041,"Salmo salar"
"460",0.605609036,0.304057662,0.520692859,0.463962026,0.25498346,0.141035041,2.274147539,3.36,4.9416424226093,1.42892806598142,1.42892806598142,"Salmo trutta"
"461",0.640026718,0.271921287,0.54224371,0.477158943,0.324259677,0.168286183,2.865442308,4.39,4.67282883446191,1.44833734529059,1.44833734529059,"Salvelinus alpinus"
"462",0.542076294,0.358564628,0.474801947,0.571426299,0.231077599,0.140606588,2.636038268,3.72,4.63472898822964,1.5585648322705,1.5585648322705,"Salvelinus confluentus"
"463",0.6354576,0.320154569,0.56764812,0.438863261,0.277230417,0.153272033,2.280604817,3.31,4.45434729625351,1.24469683856024,1.24469683856024,"Salvelinus fontinalis"
"464",0.575532433,0.345898526,0.534689525,0.539968655,0.254158652,0.129873258,2.768748627,4.35,4.78749174278205,1.68087600829506,1.68087600829506,"Salvelinus leucomaenis"
"465",0.491267055,0.347475989,0.342916634,0.53014187,0.252316637,0.14582914,2.781518148,4.06,4.33073334028633,1.62603024321862,1.62603024321862,"Sander canadensis"
"466",0.388211694,0.493332767,0.228995964,0.380940055,0.34755846,0.146019498,3.388258784,4.04,4.60517018598809,1.48981485161924,1.48981485161924,"Sander lucioperca"
"467",0.514283368,0.404434821,0.346393314,0.485716632,0.417830685,0.140581441,2.900798477,4.47,4.67282883446191,1.51188118938013,1.51188118938013,"Sander vitreus"
"468",0.537126999,0.481140673,0.463005154,0.417634465,0.263480904,0.187417632,2.241986673,2.84,3.2188758248682,1.23589549978651,1.23589549978651,"Sarmarutilus rubilio"
"469",0.570146872,0.277301603,0.41552066,0.479645961,0.395698647,0.340580373,2.236462026,2.35000000635783,3.71357206670431,0.706288563596026,0.706288563596026,"Sarotherodon galilaeus"
"470",0.675117891,0.262648864,0.296835658,0.727102329,0.3483284,0.322676508,2.162893318,2.77,3.29583686600433,0.902267650460288,0.902267650460288,"Satanoperca pappaterra"
"471",0.697987161,0.299085821,0.159404118,0.776732795,0.391264654,0.139736973,4.861384615,3.5,4.68213122712422,2.49446252991842,2.100709389336,"Scaphirhynchus platorynchus"
"472",0.517721457,0.443946643,0.511645125,0.442462444,0.292714738,0.179402632,3.098780467,2.89,3.93182563272433,1.10051683919314,1.10051683919314,"Scardinius erythrophthalmus"
"473",0.616508377,0.417352722,0.675550406,0.422250138,0.35772842,0.17175585,3.028044792,3.6,4.0943445622221,1.46096627123071,1.46096627123071,"Schilbe intermedius"
"474",0.396023576,0.383648847,0.396023576,0.441556721,0.299607803,0.17770333,2.837652163,3.44,3.91202300542815,1.36848414054258,1.36848414054258,"Schilbe mandibularis"
"475",0.513240665,0.246206739,0.549358521,0.363339133,0.41118398,0.150814118,2.419046512,3.45,3.68887945411394,1.18466560897908,1.18466560897908,"Schilbe mystus"
"476",0.470198591,0.427360808,0.393286789,0.414795053,0.266384592,0.154091706,2.091749933,2.5,3.47196645255036,1.35330147286384,1.35330147286384,"Schizodon altoparanae"
"477",0.48774165,0.578426641,0.589692946,0.392511947,0.241318143,0.167484538,2.53956905,2.4,3.58351893845611,1.25830969038076,1.25830969038076,"Schizodon borellii"
"478",0.406451613,0.369863014,0.309677419,0.470967742,0.232258065,0.158670136,1.913574592,2.83,3.69386699562498,1.39118721033681,1.39118721033681,"Schizodon nasutus"
"479",0.509366999,0.218166096,0.289871763,0.565369809,0.266353769,0.160649081,2.205653534,4.02,3.41114771251532,1.41462313801557,1.41462313801557,"Semotilus atromaculatus"
"480",0.698214922,0.219733612,0.469087498,0.64730802,0.20755849,0.16461355,3.347581302,3.41,3.93182563272433,1.48900816926039,1.48900816926039,"Semotilus corporalis"
"481",0.582093982,0.369296712,0.46402688,0.562040556,0.270935932,0.136698582,2.028764761,3.5,2.70805020110221,1.30680507784132,1.30680507784132,"Semotilus thoreauianus"
"482",0.513380661,0.266448266,0.500466166,0.433686117,0.195229234,0.184373631,4.23328215,4.07,3.27336401015227,0.603807596671497,0.603807596671497,"Serrasalmus maculatus"
"483",0.51551737,0.354408877,0.495459756,0.36270306,0.2688614,0.205093815,4.130567948,3.55,3.29953372788566,0.586902681526139,0.586902681526139,"Serrasalmus marginatus"
"484",0.57179471,0.210233364,0.526157027,0.511623001,0.423543433,0.106003825,2.200067986,4.36,6.21460809842219,1.76472162214051,1.76472162214051,"Silurus glanis"
"485",0.386002552,0.337696371,0.367801368,0.501913519,0.25785667,0.121197145,2.831623679,4.09999990463257,3.9926809084456,1.8084587441101,1.8084587441101,"Sorubim lima"
"486",0.608186863,0.359761796,0.532037571,0.356574909,0.344020273,0.172295685,2.6003,2.73,4.44265125649032,1.27331528445266,1.27331528445266,"Squalius cephalus"
"487",0.520992237,0.512127551,0.448291229,0.424316925,0.201002115,0.149365069,2.325704707,3.09431672498051,3.02042488614436,1.1386536460905,1.1386536460905,"Steindachnerina brevipinna"
"488",0.463836883,0.461775285,0.304521158,0.387343528,0.189185935,0.167905425,2.181045686,2.07999992370605,2.77881927199042,1.1449692909716,1.1449692909716,"Steindachnerina insculpta"
"489",0.534472454,0.347565374,0.097907033,0.477922984,0.286027239,0.25303896,2.211991898,2.9,3.00568260440716,1.4453770788129,1.4453770788129,"Synodontis bastiani"
"490",0.467893441,0.403943413,0.08594014,0.474862342,0.17835912,0.184744596599661,2.87846611492922,2.9,3.09104245335832,1.27268949931967,1.27268949931967,"Synodontis comoensis"
"491",0.622569066,0.327000316,0.331145439,0.526645728,0.238523172,0.272116012,3.104019025,2.9,2.70805020110221,1.3177523663656,1.3177523663656,"Synodontis koensis"
"492",0.43788391,0.358944358,0.125690991,0.441442075,0.131840953,0.297989924,3.5,3.12,3.89182029811063,1.07584469893174,1.06067034490841,"Synodontis ocellifer"
"493",0.509989458,0.330372148,0.208226291,0.443573892,0.174030821,0.239712618,3.155560347,2.9,3.25809653802148,1.31247424264771,1.23040876935576,"Synodontis punctifer"
"494",0.59352989,0.3455614,0.145275976,0.565283179,0.178670635,0.238794689,2.287572471,2.92,3.89182029811063,1.32249797812967,1.38284169690331,"Synodontis schall"
"495",0.573341784,0.288607032,0.296681489,0.606994431,0.316900091,0.174381494,2.984844869,3.31,4.49980967033027,1.50674287212738,1.50674287212738,"Tandanus tandanus"
"496",0.580587629,0.4,0.49956701,0.618556701,0.216412371,0.158638889,2.966597256,3.37,3.2188758248682,1.57375731740572,1.57375731740572,"Telestes souffia"
"497",0.62623673,0.432042983,0.469727328,0.429672819,0.314898013,0.161065146,3.632745098,3.14000010490417,4.0943445622221,1.55991091448932,1.55991091448932,"Thymallus thymallus"
"498",0.519115068,0.209968823,0.434014665,0.46285427,0.247651987,0.193467696,1.720606732,3.69,4.24849524204936,1.03821557696153,1.03821557696153,"Tinca tinca"
"499",0.63024002,0.247337803,0.651756746,0.46489606,0.427540632,0.181330835,1.994603011,3.14,3.40119738166216,1.23987035129701,1.23987035129701,"Trachelyopterus galeatus"
"500",0.529425073,0.441441441,0.203618067,0.502257898,0.190043529,0.359790897,2.509090909,2.66,2.95491027903374,0.98574696074116,1.00409220589505,"Trachydoras paraguayensis"
"501",0.510870514,0.333163906,0.355582749,0.510629655,0.197203757,0.155472226,2.599954037,3.5,3.91202300542815,1.56671738308658,1.56671738308658,"Pseudaspius hakonensis"
"502",0.507997803,0.454438887,0.327028556,0.524550918,0.266669946,0.149792872,2.537822144,3.5,3.76120011569356,1.41886438261092,1.41886438261092,"Pseudaspius sachalinensis"
"503",0.550539038401804,0.412626121227335,0.392721068803617,0.555467858303744,0.319328109735429,0.187578922342843,1.983679525,2.9,2.99573227355399,1.42014738438934,1.41811437668993,"Trinectes maculatus"
"504",0.505221803,0.51628033,0.434617939,0.547628637,0.240270064,0.163310351,1.796131531,3.67,2.63905732961526,1.43284207835973,1.43284207835973,"Umbra limi"
"505",0.542937929,0.475484274,0.325041321,0.499080013,0.225038203,0.135768643,1.515763655,3.25,2.70805020110221,1.51156282779186,1.51156282779186,"Umbra pygmaea"
"506",0.510610412,0.434572849,0.351354059,0.562368518,0.247094868,0.123957226,2.716937145,3.27,3.91202300542815,1.40851655767064,1.40851655767064,"Vimba vimba"
"507",0.434407464,0.545886497,0.517121066,0.460394826,0.367981308,0.198148828,1.875721102,3.19,2.77258872223978,1.16742017153461,1.16742017153461,"Xiphophorus hellerii"
"508",0.514655981,0.509133976,0.56991144,0.41346706,0.396409296,0.230903170978264,1.781851079,3.2,1.79175946922805,0.854546043867716,0.854546043867716,"Xiphophorus maculatus"
"509",0.579225754,0.400798273,0.180751608,0.635329713,0.54764211,0.185086397,3.12319119,3.26999998092651,3.09104245335832,1.7784332182001,1.7784332182001,"Zingel asper"
